turtle_id,color,bias,my_news,nr_source,nr_friends,fake_news_reader,condition
71_1,Politiken,1,0.2590314957476192,1,0,FALSE,baseline
220_2,BT,2,0.4977321370300839,1,0,FALSE,baseline
470_2,Ekstra Bladet,2,0.6615330987899812,2,0,FALSE,baseline
146_5,Berlingske,5,0.44102713891678536,4,0,FALSE,baseline
130_2,Politiken,2,0.8856199476209623,3,0,FALSE,baseline
95_5,Ekstra Bladet,5,0.35561503954735496,3,0,FALSE,baseline
445_4,BT,4,0.3928102275948637,1,0,FALSE,baseline
124_1,Jyllands-Posten,1,0.6294116431431703,1,0,FALSE,baseline
401_5,Politiken,5,0.11133309053900187,1,0,FALSE,baseline
410_5,BT,5,0.4331964791238182,1,0,FALSE,baseline
352_4,Jyllands-Posten,4,0.7358691271119235,1,0,FALSE,baseline
327_1,BT,1,0.440590104631426,1,0,FALSE,baseline
502_2,Politiken,2,0.15720519377909348,1,0,FALSE,baseline
411_2,Jyllands-Posten,2,0.7497327437757931,1,0,FALSE,baseline
190_4,Politiken,4,0.05430276795212874,1,0,FALSE,baseline
272_2,Politiken,2,0.22694159193433006,1,0,FALSE,baseline
127_3,Politiken,3,0.03422576931731813,1,0,FALSE,baseline
307_4,Jyllands-Posten,4,0.6596997227894682,1,0,FALSE,baseline
164_5,Berlingske,5,0.3424732867161121,3,0,FALSE,baseline
96_5,Politiken,5,0.15411064518357998,1,0,FALSE,baseline
33_1,Berlingske,1,0.8652105551890584,1,0,FALSE,baseline
501_3,BT,3,0.4354199152281871,2,0,FALSE,baseline
265_5,Berlingske,5,0.6844727582339508,2,0,FALSE,baseline
286_5,BT,5,0.4998019942455165,1,0,FALSE,baseline
249_3,Politiken,3,0.04594548607065074,1,0,FALSE,baseline
446_5,BT,5,0.866571172318776,2,0,FALSE,baseline
242_3,Politiken,3,0.12264346065577092,1,0,FALSE,baseline
315_1,Politiken,1,0.942448095403707,4,0,FALSE,baseline
136_2,Berlingske,2,0.8153205359336623,1,0,FALSE,baseline
213_5,BT,5,0.5446710161688845,2,0,TRUE,baseline
151_5,BT,5,0.31916460726614504,1,0,FALSE,baseline
246_1,Jyllands-Posten,1,0.7238218722624735,1,0,FALSE,baseline
504_1,Jyllands-Posten,1,0.5170573869838294,3,0,FALSE,baseline
342_5,Berlingske,5,0.803233512703576,1,0,FALSE,baseline
433_5,Berlingske,5,0.8020781388112294,1,0,FALSE,baseline
489_4,BT,4,0.5101617632805469,3,0,FALSE,baseline
280_3,Ekstra Bladet,3,0.9574393664645691,1,0,FALSE,baseline
260_3,BT,3,0.5485304597783729,1,0,FALSE,baseline
442_1,Jyllands-Posten,1,0.553928904359362,1,0,FALSE,baseline
84_1,Jyllands-Posten,1,0.652779296585858,3,0,FALSE,baseline
237_5,Politiken,5,0.07986574832280613,1,0,FALSE,baseline
348_2,BT,2,0.6434074792743367,2,0,FALSE,baseline
449_2,Jyllands-Posten,2,0.90584114049099,3,0,FALSE,baseline
49_3,BT,3,0.39204381501018715,1,0,FALSE,baseline
271_4,Ekstra Bladet,4,0.501235634790569,2,0,FALSE,baseline
214_1,BT,1,0.36708991957578596,1,0,FALSE,baseline
238_1,Politiken,1,0.15520086708042458,2,0,TRUE,baseline
263_5,BT,5,0.5457087250148449,1,0,FALSE,baseline
11_4,Politiken,4,0.2395394381042042,1,0,FALSE,baseline
26_2,Politiken,2,0.19902144144742406,1,0,FALSE,baseline
486_1,Politiken,1,0.023427084454959335,1,0,FALSE,baseline
359_2,BT,2,0.7319827751650703,2,0,FALSE,baseline
45_3,Ekstra Bladet,3,0.9529404729645214,1,0,FALSE,baseline
120_5,Jyllands-Posten,5,0.06814407667616784,2,0,FALSE,baseline
414_5,Politiken,5,0.249023604315869,1,0,FALSE,baseline
298_5,Ekstra Bladet,5,0.09545922260243334,2,0,FALSE,baseline
421_3,Jyllands-Posten,3,0.5536574908599892,1,0,FALSE,baseline
340_1,Politiken,1,0.0830076019601671,1,0,FALSE,baseline
417_5,Berlingske,5,0.7692152684346215,1,0,FALSE,baseline
9_2,Ekstra Bladet,2,0.35096411616516676,3,0,FALSE,baseline
231_3,Jyllands-Posten,3,0.603176428214015,1,0,FALSE,baseline
384_3,Jyllands-Posten,3,0.6788662811814362,2,0,FALSE,baseline
173_2,Jyllands-Posten,2,0.5276027067062967,2,0,FALSE,baseline
450_2,BT,2,0.364736421196476,1,0,FALSE,baseline
69_2,BT,2,0.6465927927020636,2,0,FALSE,baseline
233_1,Jyllands-Posten,1,0.5613057147780139,1,0,FALSE,baseline
68_4,Jyllands-Posten,4,0.6923214024531825,1,0,FALSE,baseline
18_3,Politiken,3,0.19956835077159452,1,0,FALSE,baseline
70_5,BT,5,0.35353150795535027,1,0,FALSE,baseline
162_4,Fake News,4,0.7336102663252235,4,0,TRUE,baseline
36_4,Politiken,4,0.18363091151036892,1,0,FALSE,baseline
426_2,Politiken,2,0.32027892487028087,4,0,FALSE,baseline
135_4,Ekstra Bladet,4,0.7734098531601833,3,0,FALSE,baseline
99_1,Politiken,1,0.25565431385369874,1,0,FALSE,baseline
65_4,Ekstra Bladet,4,0.9411383140303813,1,0,FALSE,baseline
439_4,BT,4,0.4770064996666822,1,0,FALSE,baseline
429_4,BT,4,0.49878693302391375,3,0,FALSE,baseline
385_4,Berlingske,4,0.8684518562998625,1,0,FALSE,baseline
308_5,BT,5,0.42887529493497845,1,0,FALSE,baseline
81_1,Berlingske,1,0.8205432251964644,1,0,FALSE,baseline
396_1,BT,1,0.9968474328147352,2,0,FALSE,baseline
347_4,BT,4,0.5689067065119566,3,0,FALSE,baseline
222_3,Berlingske,3,0.7748748282633736,1,0,FALSE,baseline
66_4,Ekstra Bladet,4,0.9097747444079308,3,0,FALSE,baseline
87_1,Jyllands-Posten,1,0.7374816923131821,1,0,FALSE,baseline
431_1,BT,1,0.4875074086778053,1,0,FALSE,baseline
226_1,Politiken,1,0.26147145170396047,2,0,FALSE,baseline
28_4,Ekstra Bladet,4,0.9719452411128421,1,0,FALSE,baseline
261_4,Berlingske,4,0.9896691166718253,5,0,TRUE,baseline
437_1,Jyllands-Posten,1,0.5715724985551939,1,0,FALSE,baseline
78_1,Jyllands-Posten,1,0.6780645705439277,1,0,FALSE,baseline
184_3,Politiken,3,0.06218085760441738,1,0,FALSE,baseline
387_2,BT,2,0.36895791927311195,1,0,FALSE,baseline
118_3,Politiken,3,0.29084212492607986,1,0,FALSE,baseline
243_4,Berlingske,4,0.48569011956191355,2,0,FALSE,baseline
185_2,Jyllands-Posten,2,0.6783957310644008,1,0,FALSE,baseline
485_4,BT,4,0.48892429508115787,1,0,FALSE,baseline
8_5,Politiken,5,0.29900992967191986,1,0,FALSE,baseline
496_5,Ekstra Bladet,5,0.9571531147025747,1,0,FALSE,baseline
85_1,Berlingske,1,0.8478077337330182,1,0,FALSE,baseline
134_2,Jyllands-Posten,2,0.9535991760771484,3,0,FALSE,baseline
56_3,BT,3,0.4834014914715281,1,0,FALSE,baseline
415_5,Ekstra Bladet,5,0.44787180078836875,3,0,FALSE,baseline
241_5,Politiken,5,0.24950543898576416,1,0,FALSE,baseline
48_3,Berlingske,3,0.7963804479291294,1,0,FALSE,baseline
399_2,Politiken,2,0.6210548295017572,2,0,FALSE,baseline
476_2,Politiken,2,0.11264680892956758,1,0,FALSE,baseline
225_4,Jyllands-Posten,4,0.6578924981504888,1,0,FALSE,baseline
128_4,Politiken,4,0.18384777952995868,1,0,FALSE,baseline
484_1,BT,1,0.32249447994715175,1,0,FALSE,baseline
176_4,Berlingske,4,0.8550259403940287,1,0,FALSE,baseline
31_5,Berlingske,5,0.04418419614941693,3,0,FALSE,baseline
90_4,Jyllands-Posten,4,0.5701263231052972,2,0,FALSE,baseline
469_1,BT,1,0.5482049287434684,1,0,FALSE,baseline
180_5,Berlingske,5,0.8715550124288405,1,0,FALSE,baseline
325_1,Politiken,1,0.04360917457490188,1,0,FALSE,baseline
13_2,BT,2,0.45313239522126625,1,0,FALSE,baseline
367_4,Politiken,4,0.9439683299455074,4,0,TRUE,baseline
182_4,BT,4,0.5294286397055088,1,0,FALSE,baseline
79_2,Politiken,2,0.012449261833891834,1,0,FALSE,baseline
473_2,BT,2,0.38324493815132243,1,0,FALSE,baseline
350_5,BT,5,0.4968621168378399,1,0,FALSE,baseline
388_4,BT,4,0.5484388452465941,1,0,FALSE,baseline
262_1,Jyllands-Posten,1,0.7041799460779571,1,0,FALSE,baseline
144_3,Ekstra Bladet,3,0.7718718842001785,4,0,FALSE,baseline
131_1,Jyllands-Posten,1,0.7309700697984266,1,0,FALSE,baseline
276_3,Politiken,3,0.06532168389689175,1,0,FALSE,baseline
391_3,Politiken,3,0.1688783013463273,1,0,FALSE,baseline
77_2,Berlingske,2,0.878925791518683,1,0,FALSE,baseline
53_3,Ekstra Bladet,3,0.47343255154130437,4,0,FALSE,baseline
161_1,Jyllands-Posten,1,0.6582906339761811,1,0,FALSE,baseline
383_5,Politiken,5,0.16153227942885928,1,0,FALSE,baseline
256_1,Jyllands-Posten,1,0.6040874055734623,1,0,FALSE,baseline
318_3,BT,3,0.36292069428644524,1,0,FALSE,baseline
80_3,BT,3,0.5058500624657105,1,0,FALSE,baseline
159_4,Ekstra Bladet,4,0.9476669649646133,1,0,FALSE,baseline
101_4,Politiken,4,0.10384297885219584,2,0,FALSE,baseline
104_2,Ekstra Bladet,2,0.9436035666665459,1,0,FALSE,baseline
145_4,Jyllands-Posten,4,0.6827064208670854,1,0,FALSE,baseline
283_1,Berlingske,1,0.8247392969209248,1,0,FALSE,baseline
369_2,Jyllands-Posten,2,0.683788095282359,1,0,FALSE,baseline
105_5,Jyllands-Posten,5,0.6454787005006442,1,0,FALSE,baseline
82_2,BT,2,0.4740073451693517,1,0,FALSE,baseline
279_5,Jyllands-Posten,5,0.6250440832536125,1,0,FALSE,baseline
206_4,Politiken,4,0.019032814839209822,1,0,FALSE,baseline
358_1,Berlingske,1,0.8812454222650147,1,0,FALSE,baseline
154_2,BT,2,0.4824546749524429,1,0,FALSE,baseline
250_2,Politiken,2,0.01850561362729608,1,0,FALSE,baseline
372_2,Politiken,2,0.09889762242401534,1,0,FALSE,baseline
255_2,Politiken,2,0.10442270469125514,1,0,FALSE,baseline
121_3,Politiken,3,0.17553180763477205,1,0,FALSE,baseline
20_3,BT,3,0.3077310535490483,1,0,FALSE,baseline
264_5,Berlingske,5,0.058720518934929244,3,0,FALSE,baseline
187_2,Politiken,2,0.1688228979986932,1,0,FALSE,baseline
497_5,Ekstra Bladet,5,0.9753857867738481,1,0,FALSE,baseline
58_4,Jyllands-Posten,4,0.6846361630475802,1,0,FALSE,baseline
227_5,Berlingske,5,0.522705533118803,4,0,FALSE,baseline
175_2,Jyllands-Posten,2,0.6247543556566265,1,0,FALSE,baseline
371_5,Politiken,5,0.030702001161650894,1,0,FALSE,baseline
183_4,Berlingske,4,0.8097977428256331,1,0,FALSE,baseline
420_1,BT,1,0.37479827657124964,1,0,FALSE,baseline
35_1,Jyllands-Posten,1,0.49067200761734453,2,0,FALSE,baseline
189_3,Jyllands-Posten,3,0.5616735128338026,1,0,FALSE,baseline
393_2,Ekstra Bladet,2,0.9033759899537375,1,0,FALSE,baseline
455_4,Jyllands-Posten,4,0.6782564758180165,1,0,FALSE,baseline
362_5,BT,5,0.7605911646262,2,0,FALSE,baseline
379_2,Politiken,2,0.1913321077334894,3,0,FALSE,baseline
346_1,Berlingske,1,0.7793855817608476,1,0,FALSE,baseline
91_3,BT,3,0.5140298266002165,1,0,FALSE,baseline
123_5,Berlingske,5,0.7345519561210896,4,0,FALSE,baseline
423_1,Ekstra Bladet,1,0.9586238042849314,1,0,FALSE,baseline
365_3,Fake News,3,0.2759276308240083,2,0,TRUE,baseline
344_3,Berlingske,3,0.7586000906748804,1,0,FALSE,baseline
434_2,BT,2,0.4827314782712675,1,0,FALSE,baseline
333_5,BT,5,0.7576796273387533,3,0,FALSE,baseline
390_1,Politiken,1,0.18139474265787348,1,0,FALSE,baseline
357_5,Ekstra Bladet,5,0.42253009810585407,2,0,FALSE,baseline
40_1,Berlingske,1,0.5419685115497691,3,0,FALSE,baseline
129_1,Jyllands-Posten,1,0.6673602387067818,1,0,FALSE,baseline
337_3,BT,3,0.3857357486061348,2,0,TRUE,baseline
273_2,Jyllands-Posten,2,0.7431487640757694,2,0,FALSE,baseline
474_4,BT,4,0.3512777970859796,1,0,FALSE,baseline
487_1,Ekstra Bladet,1,0.5639132100377162,2,0,FALSE,baseline
304_2,Politiken,2,0.21836952747760563,1,0,FALSE,baseline
456_5,BT,5,0.5099520459960356,1,0,FALSE,baseline
382_4,Berlingske,4,0.8849235648559901,1,0,FALSE,baseline
163_4,BT,4,0.3454941458150784,1,0,FALSE,baseline
32_5,BT,5,0.3506102599631753,1,0,FALSE,baseline
406_1,Jyllands-Posten,1,0.7081266875572098,1,0,FALSE,baseline
7_2,Politiken,2,0.02145428425318363,1,0,FALSE,baseline
306_3,Politiken,3,0.18187282638180546,1,0,FALSE,baseline
424_5,Jyllands-Posten,5,0.5538280756670617,1,0,FALSE,baseline
76_1,Politiken,1,0.24595868961547152,1,0,FALSE,baseline
57_1,Politiken,1,0.2500529984361074,1,0,FALSE,baseline
59_5,Ekstra Bladet,5,0.9012856541090329,1,0,FALSE,baseline
195_3,BT,3,0.7724732482685119,2,0,FALSE,baseline
303_1,BT,1,0.45857886400954817,1,0,FALSE,baseline
83_4,BT,4,0.5256156260655164,1,0,FALSE,baseline
157_3,BT,3,0.32875262080386825,1,0,FALSE,baseline
464_4,Ekstra Bladet,4,0.9362393482325153,3,0,FALSE,baseline
378_4,Jyllands-Posten,4,0.6458826591295556,1,0,FALSE,baseline
239_1,BT,1,0.4649166966164182,1,0,FALSE,baseline
266_1,Politiken,1,0.21622158732366903,1,0,FALSE,baseline
292_1,Jyllands-Posten,1,0.9822733411271727,2,0,FALSE,baseline
172_3,Jyllands-Posten,3,0.551387969076756,1,0,FALSE,baseline
100_5,Politiken,5,0.6407761323313416,2,0,FALSE,baseline
269_3,BT,3,0.539317661228486,1,0,FALSE,baseline
221_4,Ekstra Bladet,4,0.9336795311287795,1,0,FALSE,baseline
204_2,Berlingske,2,0.9317453984616547,3,0,FALSE,baseline
174_4,BT,4,0.46495215319376226,1,0,FALSE,baseline
171_2,Berlingske,2,0.755630587431316,1,0,FALSE,baseline
366_2,Berlingske,2,0.6517581808959481,3,0,FALSE,baseline
149_1,Fake News,1,0.9818627827431894,2,0,TRUE,baseline
408_5,BT,5,0.5114544083393143,1,0,FALSE,baseline
339_2,Jyllands-Posten,2,0.9411962519748202,3,0,FALSE,baseline
334_3,Politiken,3,0.23385030809881413,1,0,FALSE,baseline
398_1,Jyllands-Posten,1,0.6692680064601434,1,0,FALSE,baseline
253_1,Berlingske,1,0.8348650682083931,1,0,FALSE,baseline
147_3,Politiken,3,0.025110076642536283,1,0,FALSE,baseline
370_5,Politiken,5,0.013830409879796557,1,0,FALSE,baseline
278_1,Ekstra Bladet,1,0.9098979120135425,1,0,FALSE,baseline
297_4,Jyllands-Posten,4,0.07386730865676372,2,0,FALSE,baseline
459_3,Jyllands-Posten,3,0.5630392608833316,1,0,FALSE,baseline
361_5,BT,5,0.33696780333821974,1,0,FALSE,baseline
212_4,Jyllands-Posten,4,0.7665897388578389,3,0,FALSE,baseline
354_4,Berlingske,4,0.7711702850011847,1,0,FALSE,baseline
281_1,Jyllands-Posten,1,0.1396991759709607,2,0,FALSE,baseline
320_2,Jyllands-Posten,2,0.5761075207519986,1,0,FALSE,baseline
42_5,Politiken,5,0.7629859841606349,4,0,FALSE,baseline
138_3,Politiken,3,0.015193155876706443,1,0,FALSE,baseline
141_4,Berlingske,4,0.8372925259766607,1,0,FALSE,baseline
363_5,Politiken,5,0.051666912750858995,1,0,FALSE,baseline
353_4,Politiken,4,0.03135055161924161,2,0,TRUE,baseline
483_5,Berlingske,5,0.733245328596764,3,0,FALSE,baseline
418_2,Politiken,2,0.04856992298360374,1,0,FALSE,baseline
258_2,Jyllands-Posten,2,0.7413218657789016,1,0,FALSE,baseline
193_1,Berlingske,1,0.7939212125862896,1,0,FALSE,baseline
465_5,Berlingske,5,0.8444707269402066,1,0,FALSE,baseline
244_1,Politiken,1,0.149853211549004,1,0,FALSE,baseline
268_2,Ekstra Bladet,2,0.15517368877832727,3,0,FALSE,baseline
61_4,Berlingske,4,0.7576694463092699,1,0,FALSE,baseline
248_2,Politiken,2,0.1511091366007098,2,0,FALSE,baseline
224_2,Jyllands-Posten,2,0.6246552191707568,1,0,FALSE,baseline
302_1,BT,1,0.3582517983808253,1,0,FALSE,baseline
274_4,BT,4,0.42626007886677053,3,0,FALSE,baseline
295_4,Politiken,4,0.0722345014790079,2,0,TRUE,baseline
54_1,Berlingske,1,0.45248615580017737,3,0,FALSE,baseline
152_4,Fake News,4,0.10060801997386626,3,0,TRUE,baseline
113_5,Jyllands-Posten,5,0.6567462453076188,1,0,FALSE,baseline
89_3,Jyllands-Posten,3,0.7197108340120009,1,0,FALSE,baseline
205_4,BT,4,0.5013503846154378,2,0,FALSE,baseline
490_4,Berlingske,4,0.5480256409401186,2,0,FALSE,baseline
39_5,BT,5,0.4899819196739078,1,0,FALSE,baseline
97_5,Politiken,5,0.026565910181894137,1,0,FALSE,baseline
310_2,BT,2,0.44933243335648676,1,0,FALSE,baseline
215_1,Politiken,1,0.8107189995649926,4,0,FALSE,baseline
460_5,Ekstra Bladet,5,0.994041539086399,1,0,FALSE,baseline
168_2,Ekstra Bladet,2,0.2741579514958218,3,0,FALSE,baseline
153_3,Jyllands-Posten,3,0.5882568907847433,1,0,FALSE,baseline
86_5,Politiken,5,0.13452748305935347,3,0,FALSE,baseline
368_5,BT,5,0.4804120148921217,2,0,FALSE,baseline
122_4,BT,4,0.4037135136499289,1,0,FALSE,baseline
88_3,BT,3,0.3176880723410038,1,0,FALSE,baseline
305_3,BT,3,0.5299033886508138,1,0,FALSE,baseline
44_3,Ekstra Bladet,3,0.3877603593237219,2,0,FALSE,baseline
480_3,Ekstra Bladet,3,0.9971639155147731,2,0,TRUE,baseline
75_3,Politiken,3,0.22581761615267992,1,0,FALSE,baseline
453_3,Politiken,3,0.9442173179464933,4,0,FALSE,baseline
409_3,Politiken,3,0.18158996749350687,1,0,FALSE,baseline
223_3,BT,3,0.3097215710846508,1,0,FALSE,baseline
178_3,Jyllands-Posten,3,0.0026732103027304888,2,0,FALSE,baseline
114_3,Jyllands-Posten,3,0.7181377888618968,1,0,FALSE,baseline
405_4,BT,4,0.16470185016884553,3,0,FALSE,baseline
236_2,Politiken,2,0.1884980245502812,1,0,FALSE,baseline
435_1,BT,1,0.5184953005127855,1,0,FALSE,baseline
326_5,Ekstra Bladet,5,0.9311950708655921,1,0,FALSE,baseline
492_3,Ekstra Bladet,3,0.9946206886080051,1,0,FALSE,baseline
425_4,Politiken,4,0.2273790868725023,1,0,FALSE,baseline
288_4,Berlingske,4,0.10308250333317104,3,0,FALSE,baseline
500_2,BT,2,0.27114109686159604,4,0,FALSE,baseline
413_1,Jyllands-Posten,1,0.6903396891514629,1,0,FALSE,baseline
160_3,Jyllands-Posten,3,0.34019571570689544,3,0,FALSE,baseline
355_2,Ekstra Bladet,2,0.9070699730157277,1,0,FALSE,baseline
427_1,Berlingske,1,0.8909599552872692,1,0,FALSE,baseline
179_4,Politiken,4,0.17974927288886067,3,0,FALSE,baseline
428_3,Berlingske,3,0.8567480928089669,1,0,FALSE,baseline
395_1,BT,1,0.4795024523799519,1,0,FALSE,baseline
166_5,Ekstra Bladet,5,0.9046803115120353,2,0,FALSE,baseline
447_4,Jyllands-Posten,4,0.7112504876025301,1,0,FALSE,baseline
199_1,Ekstra Bladet,1,0.9467727493018983,1,0,FALSE,baseline
232_4,BT,4,0.8275553522056989,4,0,FALSE,baseline
202_4,Politiken,4,0.1787209478184444,1,0,FALSE,baseline
440_3,Jyllands-Posten,3,0.35442302946728443,2,0,FALSE,baseline
309_5,Jyllands-Posten,5,0.72415861054517,1,0,FALSE,baseline
329_1,Politiken,1,0.13855933839952894,1,0,FALSE,baseline
194_3,BT,3,0.41271659944545347,1,0,FALSE,baseline
191_5,Ekstra Bladet,5,0.9439786941359654,1,0,FALSE,baseline
158_3,Politiken,3,0.04113814125657744,1,0,FALSE,baseline
321_4,Jyllands-Posten,4,0.5999866178195566,1,0,FALSE,baseline
336_5,Berlingske,5,0.8403262107267299,1,0,FALSE,baseline
137_5,BT,5,0.5921133348594172,2,0,FALSE,baseline
208_4,Politiken,4,0.7120377767720554,2,0,FALSE,baseline
38_4,Jyllands-Posten,4,0.6346087918709313,1,0,FALSE,baseline
63_3,Berlingske,3,0.05704819534709471,3,0,FALSE,baseline
15_3,Ekstra Bladet,3,0.9412747557347138,2,0,FALSE,baseline
165_3,Politiken,3,0.6278266350545296,4,0,FALSE,baseline
322_3,BT,3,0.3132519663952341,1,0,FALSE,baseline
247_2,Ekstra Bladet,2,0.5896954948375257,3,0,FALSE,baseline
17_2,Politiken,2,0.20565028273205044,1,0,FALSE,baseline
62_3,Jyllands-Posten,3,0.5832469638960212,1,0,FALSE,baseline
108_1,Berlingske,1,0.8618955114540202,1,0,FALSE,baseline
277_4,Politiken,4,0.7845598467843606,2,0,FALSE,baseline
300_4,Jyllands-Posten,4,0.6452716297526948,1,0,FALSE,baseline
216_4,BT,4,0.5346009243052221,1,0,FALSE,baseline
472_2,Jyllands-Posten,2,0.5064729959570405,2,0,FALSE,baseline
330_2,BT,2,0.4502352702707071,1,0,FALSE,baseline
106_2,Politiken,2,0.05249887375017259,5,0,TRUE,baseline
381_1,BT,1,0.4112289469689766,1,0,FALSE,baseline
443_3,Politiken,3,0.1850697552124565,1,0,FALSE,baseline
499_3,BT,3,0.47652186333372015,1,0,FALSE,baseline
505_4,BT,4,0.34970059602010817,1,0,FALSE,baseline
50_2,BT,2,0.5409490766646575,1,0,FALSE,baseline
110_1,Berlingske,1,0.0779810889353566,2,0,FALSE,baseline
229_3,Politiken,3,0.035139626207803976,1,0,FALSE,baseline
51_5,BT,5,0.38313375587586684,1,0,FALSE,baseline
92_2,BT,2,0.4794875727409659,2,0,TRUE,baseline
452_1,BT,1,0.344305325627957,1,0,FALSE,baseline
23_2,Fake News,2,0.3468099707301535,4,0,TRUE,baseline
436_4,Politiken,4,0.27967640734906163,1,0,FALSE,baseline
331_5,BT,5,0.3325125759594394,1,0,FALSE,baseline
468_4,Berlingske,4,0.7596654072758674,2,0,TRUE,baseline
251_3,BT,3,0.3440185577789777,1,0,FALSE,baseline
43_3,Ekstra Bladet,3,0.9669370777577264,1,0,FALSE,baseline
404_1,Politiken,1,0.1443093575700105,3,0,FALSE,baseline
360_1,Politiken,1,0.11477721382593542,1,0,FALSE,baseline
462_1,BT,1,0.5049959419607524,1,0,FALSE,baseline
109_2,Politiken,2,0.22703698771925362,1,0,FALSE,baseline
119_5,Jyllands-Posten,5,0.8721185663154553,3,0,FALSE,baseline
228_2,Politiken,2,0.02919149497772977,2,0,FALSE,baseline
471_1,Jyllands-Posten,1,0.7435739761513516,1,0,FALSE,baseline
93_3,Politiken,3,0.16369903508602757,2,0,FALSE,baseline
324_2,Politiken,2,0.07995683619581728,2,0,TRUE,baseline
461_2,Jyllands-Posten,2,0.5923544553518354,1,0,FALSE,baseline
319_3,BT,3,0.4490458756437843,1,0,FALSE,baseline
335_3,Jyllands-Posten,3,0.7147148898239664,1,0,FALSE,baseline
211_2,Jyllands-Posten,2,0.624302327215453,1,0,FALSE,baseline
102_5,Politiken,5,0.2858384135639376,2,0,FALSE,baseline
317_3,Jyllands-Posten,3,0.5739923968933854,1,0,FALSE,baseline
115_3,BT,3,0.4333949652145471,1,0,FALSE,baseline
196_5,Jyllands-Posten,5,0.7083751346710663,1,0,FALSE,baseline
245_5,BT,5,0.502720783830169,2,0,FALSE,baseline
444_1,Jyllands-Posten,1,0.6296096917930927,1,0,FALSE,baseline
313_1,Fake News,1,0.8939277747921837,2,0,TRUE,baseline
235_4,Berlingske,4,0.4581336713131945,3,0,FALSE,baseline
343_2,Jyllands-Posten,2,0.5583591037191158,1,0,FALSE,baseline
181_1,Politiken,1,0.6597149788321907,2,0,FALSE,baseline
6_4,Politiken,4,0.4860973933590601,4,0,FALSE,baseline
394_1,Berlingske,1,0.7838165372491813,1,0,FALSE,baseline
422_1,Politiken,1,0.247618623847067,1,0,FALSE,baseline
349_4,Jyllands-Posten,4,0.6383401393885847,1,0,FALSE,baseline
111_1,Berlingske,1,0.5184612634963444,3,0,FALSE,baseline
140_4,Berlingske,4,0.7525570090463117,2,0,FALSE,baseline
364_5,Politiken,5,0.07504690668402614,1,0,FALSE,baseline
356_2,Jyllands-Posten,2,0.6990410775718758,1,0,FALSE,baseline
200_4,BT,4,0.4507558237005521,1,0,FALSE,baseline
186_3,Berlingske,3,0.7678169783781371,1,0,FALSE,baseline
285_4,Jyllands-Posten,4,0.6987554571830206,1,0,FALSE,baseline
257_3,Politiken,3,0.801134139935332,2,0,FALSE,baseline
197_5,Politiken,5,0.25033438491604787,1,0,FALSE,baseline
400_2,Ekstra Bladet,2,0.9089798796763687,1,0,FALSE,baseline
323_5,BT,5,0.485395288613678,1,0,FALSE,baseline
112_2,Berlingske,2,0.7942611001624373,1,0,FALSE,baseline
209_1,BT,1,0.44759861900501496,3,0,FALSE,baseline
117_4,Fake News,4,0.08703084933975946,2,0,TRUE,baseline
16_4,BT,4,0.9314281178994063,3,0,FALSE,baseline
287_2,Politiken,2,0.12558004092030428,1,0,FALSE,baseline
169_5,BT,5,0.44250327691133884,1,0,FALSE,baseline
375_4,Berlingske,4,0.8034378507992969,1,0,FALSE,baseline
201_2,Ekstra Bladet,2,0.9893759411582629,4,0,TRUE,baseline
412_4,Politiken,4,0.21150162267587957,1,0,FALSE,baseline
351_3,Berlingske,3,0.8083843695599026,2,0,FALSE,baseline
466_5,Politiken,5,0.16194191875924413,1,0,FALSE,baseline
290_2,Politiken,2,0.07072059183681267,1,0,FALSE,baseline
402_4,Berlingske,4,0.31466121526688073,3,0,FALSE,baseline
234_4,Jyllands-Posten,4,0.6506389459128945,1,0,FALSE,baseline
155_4,Berlingske,4,0.8039822030869032,1,0,FALSE,baseline
192_1,BT,1,0.3264942010473777,1,0,FALSE,baseline
116_3,Berlingske,3,0.854060253539556,1,0,FALSE,baseline
41_1,Jyllands-Posten,1,0.33715772275720834,2,0,FALSE,baseline
270_4,BT,4,0.39184959377667006,1,0,FALSE,baseline
419_4,BT,4,0.45932236759650635,3,0,FALSE,baseline
377_1,BT,1,0.5208313562441671,1,0,FALSE,baseline
259_3,Jyllands-Posten,3,0.747905750906504,1,0,FALSE,baseline
74_5,Politiken,5,0.06117186140516517,1,0,FALSE,baseline
416_5,Jyllands-Posten,5,0.5869774590745604,1,0,FALSE,baseline
448_1,BT,1,0.5000349920214621,1,0,FALSE,baseline
24_2,Politiken,2,0.6392423066617925,2,0,FALSE,baseline
148_4,Fake News,4,0.835404504287637,2,0,TRUE,baseline
219_3,Ekstra Bladet,3,0.7959036564099662,2,0,FALSE,baseline
19_5,Berlingske,5,0.7940886830889894,1,0,FALSE,baseline
296_2,Politiken,2,0.2958912941518933,1,0,FALSE,baseline
475_2,Berlingske,2,0.31626194854246414,3,0,FALSE,baseline
52_5,Jyllands-Posten,5,0.7373899474223854,1,0,FALSE,baseline
132_4,Politiken,4,0.028513189755536184,1,0,FALSE,baseline
133_2,BT,2,0.3416320642622659,4,0,FALSE,baseline
373_3,Ekstra Bladet,3,0.9736221175953698,3,0,FALSE,baseline
275_1,Berlingske,1,0.9902738282870724,2,0,FALSE,baseline
10_5,Ekstra Bladet,5,0.2607531416037592,2,0,FALSE,baseline
491_4,Berlingske,4,0.7889367938452561,1,0,FALSE,baseline
503_5,Jyllands-Posten,5,0.5734030011716879,1,0,FALSE,baseline
94_3,Ekstra Bladet,3,0.9601087861811433,1,0,FALSE,baseline
289_1,Jyllands-Posten,1,0.6215246721167066,1,0,FALSE,baseline
67_3,Politiken,3,0.12620335580074105,4,0,FALSE,baseline
488_4,Politiken,4,0.29393537274054105,1,0,FALSE,baseline
27_2,Politiken,2,0.06357156299047895,2,0,FALSE,baseline
403_4,Ekstra Bladet,4,0.14744587514976748,4,0,TRUE,baseline
240_2,Jyllands-Posten,2,0.7144166148898344,1,0,FALSE,baseline
126_4,Politiken,4,0.22643066931771005,3,0,FALSE,baseline
143_2,Politiken,2,0.12668649645638208,1,0,FALSE,baseline
301_3,Jyllands-Posten,3,0.6658937004557686,1,0,FALSE,baseline
12_3,Ekstra Bladet,3,0.9143006732877484,1,0,FALSE,baseline
463_1,BT,1,0.460316599871037,1,0,FALSE,baseline
481_2,Jyllands-Posten,2,0.616116407169705,1,0,FALSE,baseline
203_2,Jyllands-Posten,2,0.6764169928440172,1,0,FALSE,baseline
34_4,Ekstra Bladet,4,0.950374425089603,1,0,FALSE,baseline
30_2,Ekstra Bladet,2,0.9914162972399991,3,0,FALSE,baseline
493_5,BT,5,0.5053794315516074,1,0,FALSE,baseline
125_5,Politiken,5,0.28441285839765584,1,0,FALSE,baseline
293_5,Politiken,5,0.021781136918755162,1,0,FALSE,baseline
341_4,Fake News,4,0.27923524545622824,2,0,TRUE,baseline
284_5,Ekstra Bladet,5,0.864325935944276,3,0,FALSE,baseline
477_5,Berlingske,5,0.8174861760352445,1,0,FALSE,baseline
376_4,Politiken,4,0.8820287286764229,4,0,FALSE,baseline
22_3,Ekstra Bladet,3,0.9716495699353389,1,0,FALSE,baseline
291_4,BT,4,0.44858412786200896,1,0,FALSE,baseline
328_2,BT,2,0.5414778699765594,2,0,FALSE,baseline
345_3,BT,3,0.46780479185728685,1,0,FALSE,baseline
407_5,Jyllands-Posten,5,0.9116778766611214,3,0,FALSE,baseline
312_5,Politiken,5,0.274961276374438,1,0,FALSE,baseline
332_2,Jyllands-Posten,2,0.7476810037655678,1,0,FALSE,baseline
441_4,BT,4,0.5148325182929686,1,0,FALSE,baseline
21_3,BT,3,0.47743638122154264,1,0,FALSE,baseline
210_1,Ekstra Bladet,1,0.926646602491165,1,0,FALSE,baseline
103_2,Jyllands-Posten,2,0.7377740164439871,1,0,FALSE,baseline
299_2,Ekstra Bladet,2,0.969227842525572,1,0,FALSE,baseline
37_5,Politiken,5,0.028534167868697224,1,0,FALSE,baseline
142_5,Ekstra Bladet,5,0.9067394854992852,1,0,FALSE,baseline
454_3,Politiken,3,0.16465278499268654,3,0,FALSE,baseline
29_5,BT,5,0.3982555820293121,1,0,FALSE,baseline
467_4,Berlingske,4,0.7911357759070499,1,0,FALSE,baseline
282_4,Politiken,4,0.09166017198879295,1,0,FALSE,baseline
25_2,BT,2,0.5274547801802288,1,0,FALSE,baseline
338_1,Jyllands-Posten,1,0.6682968932248529,1,0,FALSE,baseline
139_3,Politiken,3,0.25118405900633867,2,0,TRUE,baseline
397_2,Berlingske,2,0.8521679729680435,1,0,FALSE,baseline
73_4,Jyllands-Posten,4,0.616529661721509,1,0,FALSE,baseline
451_5,Ekstra Bladet,5,0.7881218556326175,2,0,FALSE,baseline
294_5,Jyllands-Posten,5,0.6981335523249316,1,0,FALSE,baseline
167_4,Politiken,4,0.05750720496337347,1,0,FALSE,baseline
218_5,Ekstra Bladet,5,0.9225290843128453,1,0,FALSE,baseline
98_1,Jyllands-Posten,1,0.5748202824839284,1,0,FALSE,baseline
374_5,Ekstra Bladet,5,0.9348774752660843,1,0,FALSE,baseline
386_5,Berlingske,5,0.3417901556318539,3,0,FALSE,baseline
316_1,Berlingske,1,0.8530783180297796,1,0,FALSE,baseline
177_4,BT,4,0.016842943664540422,3,0,FALSE,baseline
432_4,Berlingske,4,0.8002140453931342,1,0,FALSE,baseline
188_5,Jyllands-Posten,5,0.7168452145298081,1,0,FALSE,baseline
107_3,Jyllands-Posten,3,0.72854822609215375,1,0,FALSE,baseline
217_4,Fake News,4,0.3839058815505916,2,0,TRUE,baseline
72_5,Jyllands-Posten,5,0.6123071561696667,1,0,FALSE,baseline
156_3,BT,3,0.458732463474096,3,0,FALSE,baseline
198_3,BT,3,0.32613506393327907,1,0,FALSE,baseline
267_1,Politiken,1,0.0036107204657757075,1,0,FALSE,baseline
55_2,BT,2,0.4975522249700012,1,0,FALSE,baseline
494_3,Politiken,3,0.28634165152890756,1,0,FALSE,baseline
495_2,BT,2,0.4197941486668496,2,0,FALSE,baseline
170_4,Berlingske,4,0.8794932231614273,1,0,FALSE,baseline
457_2,Politiken,2,0.051993871655457546,1,0,FALSE,baseline
380_2,BT,2,0.41197193459332737,1,0,FALSE,baseline
150_2,Politiken,2,0.27939807317619725,1,0,FALSE,baseline
14_5,Politiken,5,0.012790887931540595,1,0,FALSE,baseline
482_3,Ekstra Bladet,3,0.9011560819912813,1,0,FALSE,baseline
47_4,Jyllands-Posten,4,0.6452915802300037,1,0,FALSE,baseline
438_5,Politiken,5,0.1283120493873986,1,0,FALSE,baseline
64_1,BT,1,0.31307569714948436,1,0,FALSE,baseline
458_3,BT,3,0.45677007673141523,1,0,FALSE,baseline
207_2,Politiken,2,0.22674700463251174,1,0,FALSE,baseline
230_5,BT,5,0.5499507301109157,1,0,FALSE,baseline
478_4,Jyllands-Posten,4,0.6408732936576421,1,0,FALSE,baseline
311_2,BT,2,0.5386575174043272,1,0,FALSE,baseline
392_4,BT,4,0.41697918694674174,1,0,FALSE,baseline
60_4,Ekstra Bladet,4,0.9834282461519039,1,0,FALSE,baseline
479_4,Berlingske,4,0.8948209457025351,1,0,FALSE,baseline
46_5,Politiken,5,0.2364302357241721,1,0,FALSE,baseline
430_2,Jyllands-Posten,2,0.673489727730058,1,0,FALSE,baseline
389_3,BT,3,0.3191234454128331,1,0,FALSE,baseline
252_2,BT,2,0.38632516365204406,1,0,FALSE,baseline
314_2,Politiken,2,0.2739690887038768,1,0,FALSE,baseline
254_5,Ekstra Bladet,5,0.9113148414766302,1,0,FALSE,baseline
498_1,Politiken,1,0.038892645112412416,1,0,FALSE,baseline
72_1,Politiken,1,0.7751213218565953,3,51,FALSE,non
144_1,BT,1,0.20593371478975353,1,52,FALSE,non
272_1,BT,1,0.03174871716527983,1,44,FALSE,non
364_1,BT,1,0.8162480370242962,1,41,FALSE,non
285_3,BT,3,0.9069557940171279,1,50,FALSE,non
307_4,Berlingske,4,0.260863027068594,1,50,FALSE,non
422_4,BT,4,0.06165049418288315,1,51,FALSE,non
300_3,Berlingske,3,0.6369503436614709,1,56,FALSE,non
43_5,BT,5,0.18003877184769523,1,52,FALSE,non
448_1,BT,1,0.4649811441065568,2,63,TRUE,non
216_2,BT,2,0.9367977538393009,1,60,FALSE,non
297_2,Jyllands-Posten,2,0.7436346904263257,1,40,FALSE,non
180_3,Berlingske,3,0.15135930102930917,1,49,FALSE,non
53_1,Ekstra Bladet,1,0.3480535139039064,1,55,FALSE,non
501_4,Jyllands-Posten,4,0.4846458974187994,1,44,FALSE,non
343_1,Berlingske,1,0.834495362591971,1,46,FALSE,non
75_5,Politiken,5,0.6552469424647156,1,51,FALSE,non
368_1,Politiken,1,0.08368280164097186,2,51,FALSE,non
233_1,Jyllands-Posten,1,0.28616291148631734,1,51,FALSE,non
244_3,BT,3,0.0414401779478214,1,50,FALSE,non
330_5,Politiken,5,0.2462427717004596,1,55,FALSE,non
13_2,Berlingske,2,0.9502986871828049,1,50,FALSE,non
476_3,BT,3,0.18232933370095472,1,54,FALSE,non
170_5,Berlingske,5,0.24751090903785078,1,42,FALSE,non
76_5,Berlingske,5,0.4864719625943511,3,56,FALSE,non
310_2,Politiken,2,0.05123510214493121,1,60,FALSE,non
494_2,Jyllands-Posten,2,0.4107188720966216,4,45,FALSE,non
19_4,Berlingske,4,0.4975553860065356,2,55,FALSE,non
87_2,Politiken,2,0.2759479358856426,1,50,FALSE,non
24_3,Ekstra Bladet,3,0.8379366378589614,1,48,FALSE,non
412_1,Politiken,1,0.5264494428455841,1,44,FALSE,non
322_5,Ekstra Bladet,5,0.10727192503678973,3,57,FALSE,non
489_5,Politiken,5,0.3296903677849936,1,61,FALSE,non
459_5,Politiken,5,0.7121443784040848,1,60,FALSE,non
60_5,Politiken,5,0.7687827812591381,1,52,FALSE,non
485_5,Jyllands-Posten,5,0.11381557437790302,4,67,FALSE,non
487_2,BT,2,0.12432196845031918,1,48,FALSE,non
372_1,Politiken,1,0.014569094666005644,1,53,FALSE,non
326_5,Ekstra Bladet,5,0.3658958855579668,1,39,FALSE,non
71_1,Berlingske,1,0.8765793641420303,1,81,FALSE,non
132_4,Ekstra Bladet,4,0.18080850213373012,1,50,FALSE,non
376_2,Berlingske,2,0.18807740451730448,1,44,FALSE,non
231_5,Jyllands-Posten,5,0.9867851570635945,2,40,FALSE,non
12_1,Ekstra Bladet,1,0.18696590866980045,1,50,FALSE,non
328_3,Berlingske,3,0.2181170980238023,1,42,FALSE,non
247_1,Berlingske,1,0.5857505003754222,4,49,FALSE,non
301_5,Ekstra Bladet,5,0.12731004124120837,3,55,FALSE,non
99_5,Berlingske,5,0.36491542569547586,1,52,FALSE,non
110_4,Berlingske,4,0.3081022491657279,1,59,FALSE,non
388_4,Jyllands-Posten,4,0.01895101485237094,1,46,FALSE,non
273_1,BT,1,0.556329378491388,2,43,FALSE,non
269_2,Jyllands-Posten,2,0.10008553406593368,1,37,FALSE,non
306_5,Jyllands-Posten,5,0.23722245229880135,4,54,TRUE,non
392_2,Berlingske,2,0.7221946253613758,2,38,TRUE,non
389_4,Politiken,4,0.21620480943447673,1,45,FALSE,non
130_3,BT,3,0.9605598262850323,1,55,FALSE,non
428_4,Jyllands-Posten,4,0.681271867485451,1,47,FALSE,non
383_2,Jyllands-Posten,2,0.986596193467628,1,46,FALSE,non
55_5,BT,5,0.410558733242003,1,51,FALSE,non
120_2,Berlingske,2,0.2127724852541253,1,45,FALSE,non
208_3,Politiken,3,0.801466661538998,1,52,FALSE,non
367_1,BT,1,0.2417894507298508,1,47,FALSE,non
212_5,BT,5,0.19118902040066987,1,48,FALSE,non
155_1,Berlingske,1,0.4935847614472493,2,54,FALSE,non
402_1,Berlingske,1,0.9103499932323622,2,35,FALSE,non
184_2,Jyllands-Posten,2,0.6024412162850921,1,39,FALSE,non
224_5,Berlingske,5,0.9646770243866125,1,53,FALSE,non
220_4,Politiken,4,0.7313035524266229,2,71,FALSE,non
15_1,Berlingske,1,0.7098283909637633,1,52,FALSE,non
85_1,Ekstra Bladet,1,0.03646463036134828,1,48,FALSE,non
354_3,Politiken,3,0.26932660612381953,1,45,FALSE,non
351_4,Berlingske,4,0.01192421940582522,1,42,FALSE,non
324_3,Berlingske,3,0.4925700171528776,1,54,FALSE,non
496_2,Jyllands-Posten,2,0.7546657834306288,1,40,FALSE,non
370_2,Berlingske,2,0.4436457372234569,1,48,FALSE,non
161_2,Berlingske,2,0.4267327952394395,4,50,FALSE,non
467_1,Politiken,1,0.46139657705367687,1,48,FALSE,non
67_1,BT,1,0.08597143713434996,2,47,FALSE,non
62_5,Berlingske,5,0.9491835030101209,3,45,FALSE,non
39_4,Berlingske,4,0.7952069829716645,1,53,FALSE,non
313_1,BT,1,0.8148728558730699,1,47,FALSE,non
504_2,Politiken,2,0.6094798189007644,4,58,FALSE,non
11_2,Politiken,2,0.23583458927222112,1,58,FALSE,non
378_2,Ekstra Bladet,2,0.6114891945337697,3,51,FALSE,non
213_2,Berlingske,2,0.5963700741373537,1,43,FALSE,non
217_1,Berlingske,1,0.3642407312082596,1,58,FALSE,non
104_5,Jyllands-Posten,5,0.11776324981736841,1,42,FALSE,non
98_2,Politiken,2,0.30697846248854666,3,60,FALSE,non
198_5,Berlingske,5,0.19455885148117258,3,30,FALSE,non
152_2,Politiken,2,0.5896781390855899,3,50,FALSE,non
183_2,Politiken,2,0.8282928819741847,2,45,FALSE,non
394_1,Berlingske,1,0.7008198066142638,2,43,TRUE,non
100_4,Berlingske,4,0.19196474526619667,1,45,FALSE,non
468_4,Politiken,4,0.28865825074813334,1,42,FALSE,non
126_2,Jyllands-Posten,2,0.28940843266165206,2,57,FALSE,non
291_2,Politiken,2,0.4492528491218466,1,47,FALSE,non
56_3,Berlingske,3,0.1427879156597882,1,51,FALSE,non
407_4,Berlingske,4,0.9483374045491653,1,49,FALSE,non
442_2,Ekstra Bladet,2,0.3781149266548103,1,52,FALSE,non
495_2,BT,2,0.5915000541213719,1,40,FALSE,non
225_3,BT,3,0.5607469639946784,3,55,FALSE,non
227_5,BT,5,0.15668174339045393,1,56,FALSE,non
205_1,Jyllands-Posten,1,0.6988491786483589,4,44,FALSE,non
175_1,Jyllands-Posten,1,0.37105716953328105,2,52,FALSE,non
357_1,Politiken,1,0.9198259704041251,3,57,FALSE,non
458_3,Berlingske,3,0.9066237639805721,1,57,FALSE,non
133_2,BT,2,0.01785624937010688,1,58,FALSE,non
103_1,Berlingske,1,0.2638416023700385,1,61,FALSE,non
46_3,Berlingske,3,0.8370266563445489,1,43,FALSE,non
499_5,Jyllands-Posten,5,0.20733800357808718,2,57,FALSE,non
40_3,BT,3,0.7540853058696363,1,57,FALSE,non
95_3,BT,3,0.762432389657646,3,60,FALSE,non
163_5,Berlingske,5,0.3862942247007788,1,54,FALSE,non
237_4,Ekstra Bladet,4,0.4854509372428405,1,47,FALSE,non
8_3,Berlingske,3,0.7289512778671114,1,54,FALSE,non
36_1,Berlingske,1,0.3218634428471058,1,49,FALSE,non
339_1,BT,1,0.4510503387173064,1,53,FALSE,non
154_3,Ekstra Bladet,3,0.8069490561643347,2,47,FALSE,non
267_3,Berlingske,3,0.13579477386596916,4,49,FALSE,non
139_4,BT,4,0.99331659943354,1,67,FALSE,non
399_3,Politiken,3,0.475712702822213,1,55,FALSE,non
129_3,Ekstra Bladet,3,0.6795700253660953,2,65,FALSE,non
480_1,BT,1,0.29459277291847996,3,57,TRUE,non
312_1,Berlingske,1,0.7485634555360303,1,52,FALSE,non
182_1,BT,1,0.8505780514958869,2,69,FALSE,non
505_4,Jyllands-Posten,4,0.7301473877085461,1,45,FALSE,non
386_4,Jyllands-Posten,4,0.1165064910641751,1,58,FALSE,non
200_2,BT,2,0.3734643080940928,2,45,FALSE,non
240_2,Berlingske,2,0.08766897817217179,1,39,FALSE,non
493_3,Berlingske,3,0.5230399244352829,1,49,FALSE,non
401_2,BT,2,0.34715187030716477,4,50,FALSE,non
355_5,BT,5,0.11782417593772088,2,69,FALSE,non
245_4,Politiken,4,0.18886222168306144,1,52,FALSE,non
348_2,BT,2,0.2662286996206358,4,42,FALSE,non
453_3,Jyllands-Posten,3,0.5893687018008975,1,56,FALSE,non
243_1,Berlingske,1,0.8956142015259899,1,44,FALSE,non
396_1,BT,1,0.6496098977521401,2,70,TRUE,non
74_4,Jyllands-Posten,4,0.13511449097719597,1,52,FALSE,non
492_1,Ekstra Bladet,1,0.9161494277676764,1,51,FALSE,non
250_4,Berlingske,4,0.1356390933007433,1,49,FALSE,non
260_1,Jyllands-Posten,1,0.45452957913049263,1,53,FALSE,non
318_1,Berlingske,1,0.49104399985899483,1,68,FALSE,non
42_2,Berlingske,2,0.6762569752133997,3,39,FALSE,non
112_4,Berlingske,4,0.9579140619932874,1,44,FALSE,non
338_5,Berlingske,5,0.595707471959651,1,35,FALSE,non
141_4,BT,4,0.659310940375427,3,47,FALSE,non
181_2,Berlingske,2,0.6582448553779204,1,54,FALSE,non
20_4,Berlingske,4,0.5885463710127236,2,54,FALSE,non
109_5,Berlingske,5,0.8772414955620302,2,46,FALSE,non
197_2,Berlingske,2,0.5810750583995096,1,47,FALSE,non
64_1,Berlingske,1,0.010450434265294017,2,49,TRUE,non
488_1,Jyllands-Posten,1,0.30288914638650477,1,54,FALSE,non
38_2,Berlingske,2,0.760379483676423,1,50,FALSE,non
478_1,Berlingske,1,0.942607446558557,1,36,FALSE,non
270_4,Berlingske,4,0.20122535893899873,3,60,FALSE,non
238_5,Politiken,5,0.1439242609662288,1,55,FALSE,non
292_3,Politiken,3,0.8917376947397789,1,61,FALSE,non
484_2,BT,2,0.0133222945460032,1,55,FALSE,non
128_2,BT,2,0.5035886720322137,2,43,FALSE,non
78_3,Jyllands-Posten,3,0.68283319780638,1,48,FALSE,non
470_1,BT,1,0.10980590422674585,1,62,FALSE,non
96_4,BT,4,0.8656079194902616,1,55,FALSE,non
397_1,BT,1,0.788968878910345,1,59,FALSE,non
444_3,Berlingske,3,0.533134316677045,1,59,FALSE,non
303_1,BT,1,0.25747602196351715,1,66,FALSE,non
446_3,Berlingske,3,0.10995574668501362,3,50,FALSE,non
425_5,BT,5,0.7605578918580675,1,56,FALSE,non
153_1,BT,1,0.5168788902425143,1,48,FALSE,non
211_2,Berlingske,2,0.8187521560229619,1,42,FALSE,non
319_4,Berlingske,4,0.06921288194414021,1,42,FALSE,non
199_2,Jyllands-Posten,2,0.2380522635511575,1,59,FALSE,non
472_4,Politiken,4,0.9743838379681264,1,51,FALSE,non
228_1,BT,1,0.7442965794523124,2,51,FALSE,non
342_1,Berlingske,1,0.5407258228554642,3,52,FALSE,non
434_5,Berlingske,5,0.37986641831004264,2,55,FALSE,non
194_5,Ekstra Bladet,5,0.2668950018250045,1,46,FALSE,non
91_3,Ekstra Bladet,3,0.9499041592374255,1,51,FALSE,non
305_2,Ekstra Bladet,2,0.2850987710923889,1,51,FALSE,non
187_1,Berlingske,1,0.21757699130886943,1,57,FALSE,non
21_1,Berlingske,1,0.4512486540474142,1,56,FALSE,non
105_4,Jyllands-Posten,4,0.795815272653478,4,61,FALSE,non
93_5,Berlingske,5,0.8009234542127882,1,52,FALSE,non
317_5,Ekstra Bladet,5,0.2275430042322769,1,59,FALSE,non
61_4,BT,4,0.6017987880628762,1,53,FALSE,non
196_5,BT,5,0.84639464212443,1,45,FALSE,non
192_4,Ekstra Bladet,4,0.20542129513526342,1,49,FALSE,non
279_2,Jyllands-Posten,2,0.9429235216457177,1,56,FALSE,non
316_5,Berlingske,5,0.8599614714471272,1,60,FALSE,non
479_4,Berlingske,4,0.6028792621621735,1,45,FALSE,non
33_1,Jyllands-Posten,1,0.12413932998533428,3,50,FALSE,non
373_1,Jyllands-Posten,1,0.5448718349561568,1,47,FALSE,non
151_2,BT,2,0.7483903978341606,4,41,TRUE,non
264_2,BT,2,0.8186044849639924,1,46,FALSE,non
162_5,Berlingske,5,0.5705902165588848,2,52,FALSE,non
287_3,Jyllands-Posten,3,0.8526026074221182,1,49,FALSE,non
14_3,Ekstra Bladet,3,0.013166904341032959,1,50,FALSE,non
202_4,Politiken,4,0.12569379417012816,1,41,FALSE,non
27_5,Jyllands-Posten,5,0.21058511373819366,2,54,FALSE,non
345_2,BT,2,0.9420802229751155,2,51,FALSE,non
261_1,BT,1,0.08119898525382241,2,48,TRUE,non
26_4,BT,4,0.7274965671453345,2,46,TRUE,non
106_5,Berlingske,5,0.7267849962545178,1,62,FALSE,non
255_5,Politiken,5,0.06948017969634013,2,57,FALSE,non
222_3,BT,3,0.48828888214969945,3,43,FALSE,non
418_5,Politiken,5,0.9377266751482178,1,41,FALSE,non
311_2,Berlingske,2,0.292460040551871,1,43,FALSE,non
314_1,Politiken,1,0.4593656695630327,2,47,FALSE,non
410_4,Politiken,4,0.5842955503922965,2,59,TRUE,non
34_5,Berlingske,5,0.4784422340324238,1,50,FALSE,non
149_2,Politiken,2,0.23224165163451638,4,41,FALSE,non
299_4,BT,4,0.6489367746999222,1,59,FALSE,non
142_5,Berlingske,5,0.8215159069252024,2,56,TRUE,non
94_1,BT,1,0.18293763100828464,1,42,FALSE,non
239_1,Berlingske,1,0.04006918599903608,1,54,FALSE,non
359_2,Berlingske,2,0.35224561297235113,3,42,FALSE,non
169_4,Politiken,4,0.8651491108201296,1,50,FALSE,non
433_1,BT,1,0.5631215897161926,1,49,FALSE,non
302_2,Berlingske,2,0.7723166516497624,1,49,FALSE,non
375_2,Politiken,2,0.87115700822062625,2,59,TRUE,non
363_4,Ekstra Bladet,4,0.4392893396098928,2,67,FALSE,non
350_2,Politiken,2,0.019545687816841517,2,43,FALSE,non
115_1,BT,1,0.6480174045561431,3,39,FALSE,non
69_3,Politiken,3,0.7181102738690518,1,64,FALSE,non
262_2,BT,2,0.7468607946006169,2,42,FALSE,non
341_5,Berlingske,5,0.14519967124982847,2,54,FALSE,non
113_3,Berlingske,3,0.7108904502936573,1,59,FALSE,non
268_5,Politiken,5,0.7181760646147399,2,72,FALSE,non
356_4,Ekstra Bladet,4,0.10475874363668736,1,46,FALSE,non
380_4,Jyllands-Posten,4,0.4584833565409512,1,45,FALSE,non
179_1,BT,1,0.19482434846987928,2,53,FALSE,non
278_4,Jyllands-Posten,4,0.7711289018630321,2,45,FALSE,non
124_1,Politiken,1,0.1939841321040402,1,45,FALSE,non
177_4,BT,4,0.046040128820522774,1,45,FALSE,non
423_2,Jyllands-Posten,2,0.09959554692100925,3,51,FALSE,non
414_3,Jyllands-Posten,3,0.30513495254108225,2,62,TRUE,non
147_5,BT,5,0.5592235146755568,1,36,FALSE,non
265_2,BT,2,0.3775795598496293,1,49,FALSE,non
362_3,Berlingske,3,0.29737085167235877,1,53,FALSE,non
150_1,Berlingske,1,0.9842465101998633,1,49,FALSE,non
35_5,Berlingske,5,0.44693166010494645,1,57,FALSE,non
254_1,Berlingske,1,0.043664407310838094,5,48,TRUE,non
436_3,Jyllands-Posten,3,0.6012621317434536,2,55,FALSE,non
404_4,BT,4,0.909025527111637,3,37,FALSE,non
178_3,Berlingske,3,0.09728345885876333,1,43,FALSE,non
416_1,BT,1,0.5034553398121411,1,47,FALSE,non
421_1,Berlingske,1,0.7822229388404459,4,59,FALSE,non
491_2,Berlingske,2,0.14356489451121635,3,50,FALSE,non
47_1,Berlingske,1,0.8982109431093194,1,50,FALSE,non
417_4,BT,4,0.9632119999720469,1,51,FALSE,non
88_4,BT,4,0.14759981255042132,1,56,FALSE,non
241_3,Berlingske,3,0.0027141885775329166,2,45,FALSE,non
168_1,Berlingske,1,0.16948139364950465,1,53,FALSE,non
79_3,Berlingske,3,0.6037100704084698,1,47,FALSE,non
361_4,BT,4,0.34890233806446425,2,58,TRUE,non
502_3,Politiken,3,0.48563433711748394,1,62,FALSE,non
159_3,Politiken,3,0.5594752869232017,1,59,FALSE,non
274_2,Berlingske,2,0.6689512722336891,1,56,FALSE,non
48_5,Jyllands-Posten,5,0.9051989820511738,2,51,FALSE,non
475_3,Berlingske,3,0.7422329129407892,2,40,TRUE,non
352_2,Jyllands-Posten,2,0.8504005681544733,1,50,FALSE,non
460_5,BT,5,0.6123026344388035,1,57,FALSE,non
92_3,Ekstra Bladet,3,0.09350896000287245,1,47,FALSE,non
481_1,Berlingske,1,0.1473717550785001,1,31,FALSE,non
66_4,BT,4,0.3425301325125766,1,54,FALSE,non
340_1,Politiken,1,0.12925079037058673,4,50,FALSE,non
121_2,BT,2,0.4676270800090053,2,66,TRUE,non
158_4,Jyllands-Posten,4,0.061696141559223316,1,56,FALSE,non
403_2,Berlingske,2,0.7463791559519786,1,50,FALSE,non
160_2,Berlingske,2,0.29825891547896854,2,56,TRUE,non
463_1,BT,1,0.512054068508014,1,35,FALSE,non
477_2,Politiken,2,0.0330563966252958,2,48,FALSE,non
116_1,BT,1,0.9323201652170305,1,45,FALSE,non
371_1,Berlingske,1,0.9759635124855797,1,53,FALSE,non
226_5,Jyllands-Posten,5,0.2595420913364992,1,58,FALSE,non
332_3,Jyllands-Posten,3,0.17313793314641202,1,49,FALSE,non
469_2,BT,2,0.4604537253062295,2,43,FALSE,non
54_3,Ekstra Bladet,3,0.9835022797947958,1,42,FALSE,non
413_5,Politiken,5,0.6898335972043763,1,48,FALSE,non
473_5,Jyllands-Posten,5,0.759581371034613,3,51,FALSE,non
327_2,Berlingske,2,0.9816136453411017,1,49,FALSE,non
419_1,BT,1,0.6018518363297645,1,52,FALSE,non
10_4,Jyllands-Posten,4,0.9235050299823476,1,50,FALSE,non
77_4,Politiken,4,0.11942066336594648,1,47,FALSE,non
333_1,BT,1,0.6507894954775081,1,40,FALSE,non
281_4,BT,4,0.2461663564182266,3,66,FALSE,non
246_5,BT,5,0.10134975832043758,1,40,FALSE,non
22_4,BT,4,0.6016226247175169,1,50,FALSE,non
214_5,BT,5,0.7131161412316066,1,51,FALSE,non
437_5,BT,5,0.40132430063763336,1,45,FALSE,non
275_2,BT,2,0.9965424243464204,1,59,FALSE,non
210_3,Jyllands-Posten,3,0.6834767218819188,2,54,TRUE,non
97_2,Berlingske,2,0.04944726391498788,1,55,FALSE,non
135_5,Berlingske,5,0.681091525517002,1,50,FALSE,non
29_2,BT,2,0.5184717282053695,1,48,FALSE,non
7_2,Jyllands-Posten,2,0.7980023870935243,1,53,FALSE,non
146_3,BT,3,0.41722187574447867,2,47,FALSE,non
190_5,Politiken,5,0.2883677843679253,1,53,FALSE,non
148_4,Berlingske,4,0.12205728058297272,1,59,FALSE,non
101_2,Berlingske,2,0.635892684459388,2,43,FALSE,non
125_4,BT,4,0.025996773693422792,1,67,FALSE,non
193_1,BT,1,0.854134399446134,2,48,FALSE,non
461_4,Ekstra Bladet,4,0.04305555939112149,2,57,FALSE,non
257_1,Ekstra Bladet,1,0.8644737196921893,2,52,FALSE,non
284_2,BT,2,0.594214177552851,1,57,FALSE,non
296_1,BT,1,0.8396041442446257,1,49,FALSE,non
409_3,Berlingske,3,0.1601231991124229,3,56,FALSE,non
435_5,Politiken,5,0.35843489093995484,1,40,FALSE,non
503_2,Politiken,2,0.796308141454705,2,43,FALSE,non
474_3,Berlingske,3,0.7128744879984472,4,39,FALSE,non
398_1,BT,1,0.8809740274210897,1,47,FALSE,non
176_2,Berlingske,2,0.6939336727015292,2,60,FALSE,non
102_3,BT,3,0.007644062270560137,3,39,FALSE,non
346_4,Berlingske,4,0.5017688052833854,1,38,FALSE,non
232_5,Jyllands-Posten,5,0.18881700213728814,1,58,FALSE,non
123_4,BT,4,0.39027096797272187,1,51,FALSE,non
391_4,Jyllands-Posten,4,0.584632605783988,1,43,FALSE,non
157_2,Jyllands-Posten,2,0.4222973041420093,3,56,FALSE,non
117_5,Politiken,5,0.9963878146338435,1,46,FALSE,non
390_5,Berlingske,5,0.0073563191552472595,1,49,FALSE,non
465_2,Berlingske,2,0.48708705301517907,1,42,FALSE,non
195_3,Ekstra Bladet,3,0.16406971880961274,3,48,FALSE,non
119_2,BT,2,0.5665827939635241,1,54,FALSE,non
452_2,Ekstra Bladet,2,0.2636516995565329,1,51,FALSE,non
295_1,BT,1,0.3089572900665568,1,59,FALSE,non
30_5,Politiken,5,0.07118928873352404,1,52,FALSE,non
138_4,BT,4,0.7818233187045386,1,61,FALSE,non
28_2,Berlingske,2,0.06689323714743212,1,51,FALSE,non
377_5,Politiken,5,0.6914123261916582,1,43,FALSE,non
309_5,Berlingske,5,0.01941587271787404,1,47,FALSE,non
445_5,Jyllands-Posten,5,0.7748236056962452,1,55,FALSE,non
336_2,BT,2,0.45651041223221567,1,52,FALSE,non
293_5,BT,5,0.8557249445607098,1,49,FALSE,non
321_4,Berlingske,4,0.0017385633353367291,1,42,FALSE,non
84_5,BT,5,0.5970065837696911,1,74,FALSE,non
323_1,BT,1,0.6861342398043367,2,51,FALSE,non
127_2,Berlingske,2,0.9889410165659975,1,57,FALSE,non
65_1,BT,1,0.7213603906774432,3,48,FALSE,non
204_3,Berlingske,3,0.4069530970130638,2,68,FALSE,non
365_1,Berlingske,1,0.9461021768950607,1,49,FALSE,non
344_4,Politiken,4,0.4926482262247105,1,67,FALSE,non
424_4,Ekstra Bladet,4,0.4916648152859976,1,51,FALSE,non
140_5,Jyllands-Posten,5,0.20853269124518448,1,53,FALSE,non
186_2,Berlingske,2,0.8786622612375905,1,42,FALSE,non
173_2,BT,2,0.9769727684103361,2,67,FALSE,non
230_2,Politiken,2,0.4789893427598084,1,45,FALSE,non
49_5,Berlingske,5,0.735326084687589,1,60,FALSE,non
167_1,Berlingske,1,0.8585286758099612,3,56,FALSE,non
294_2,Berlingske,2,0.3881026827168329,1,47,FALSE,non
57_4,Berlingske,4,0.6341673075044257,1,57,FALSE,non
256_3,Berlingske,3,0.5962551042975611,3,50,FALSE,non
283_5,BT,5,0.48860182039249456,1,55,FALSE,non
420_5,BT,5,0.38572949056972106,1,45,FALSE,non
400_1,Jyllands-Posten,1,0.07687279070591202,1,55,FALSE,non
18_3,Berlingske,3,0.020592461614493573,3,47,FALSE,non
137_2,BT,2,0.39250687272081064,1,41,FALSE,non
165_1,Jyllands-Posten,1,0.9650508995216748,2,47,FALSE,non
290_1,Berlingske,1,0.4412927836291015,1,57,FALSE,non
266_5,Berlingske,5,0.8509637541604103,1,50,FALSE,non
500_5,Ekstra Bladet,5,0.020629473757033723,1,42,FALSE,non
209_1,Berlingske,1,0.6270339111905704,1,43,FALSE,non
374_3,Berlingske,3,0.4081822589753541,1,46,FALSE,non
440_3,BT,3,0.7659499370492417,2,46,FALSE,non
191_2,Berlingske,2,0.7084216117402015,1,52,FALSE,non
251_3,Berlingske,3,0.4700486645062508,3,37,FALSE,non
337_1,BT,1,0.9503718784263318,1,50,FALSE,non
248_4,Berlingske,4,0.13197438851630705,1,50,FALSE,non
289_4,Jyllands-Posten,4,0.29698799339984183,3,46,FALSE,non
298_3,Berlingske,3,0.2682841370260074,1,52,FALSE,non
450_1,BT,1,0.4837614441163718,1,59,FALSE,non
482_1,Berlingske,1,0.5369876216932954,1,53,FALSE,non
411_1,Politiken,1,0.7790392409514615,1,53,FALSE,non
304_2,BT,2,0.44844745285683296,1,49,FALSE,non
271_4,Berlingske,4,0.13328840315314927,3,41,FALSE,non
393_5,Politiken,5,0.4231770926292736,1,50,FALSE,non
185_3,Berlingske,3,0.8050199888060837,3,50,FALSE,non
131_2,Berlingske,2,0.2678999004316489,1,57,FALSE,non
207_1,BT,1,0.956416882482539,4,44,FALSE,non
429_4,Politiken,4,0.9132336038925915,1,50,FALSE,non
282_4,BT,4,0.6632607171564471,1,49,FALSE,non
451_2,BT,2,0.7058811415680902,1,42,FALSE,non
349_2,Berlingske,2,0.694975832748137,1,47,FALSE,non
235_4,BT,4,0.4613432359199816,1,58,FALSE,non
366_5,Ekstra Bladet,5,0.3188514674824293,1,55,FALSE,non
483_4,BT,4,0.47766361627637266,1,54,FALSE,non
83_2,BT,2,0.7567013750420266,1,53,FALSE,non
52_4,Jyllands-Posten,4,0.29739461894548813,2,51,FALSE,non
223_3,Berlingske,3,0.3581018124510107,2,53,FALSE,non
277_5,BT,5,0.17002605509678415,1,44,FALSE,non
457_2,BT,2,0.8560371671836168,2,59,FALSE,non
58_4,Berlingske,4,0.617636202485066,2,50,FALSE,non
156_2,BT,2,0.43603538567929534,2,42,FALSE,non
456_4,Berlingske,4,0.9734245318352784,1,58,FALSE,non
449_1,Jyllands-Posten,1,0.028505535481585298,1,52,FALSE,non
16_5,BT,5,0.0032932250186629153,2,60,TRUE,non
395_3,BT,3,0.6218933275819626,1,43,FALSE,non
431_2,Berlingske,2,0.7164800805401375,4,64,TRUE,non
51_1,BT,1,0.4457776815813961,1,49,FALSE,non
203_5,BT,5,0.8451462016764926,1,58,FALSE,non
44_5,BT,5,0.059863911602215825,1,56,FALSE,non
462_3,BT,3,0.9135032628343472,1,40,FALSE,non
471_4,Ekstra Bladet,4,0.9773247546207994,1,52,FALSE,non
221_2,Ekstra Bladet,2,0.2546256278275768,1,44,FALSE,non
405_2,Berlingske,2,0.622353241413022,1,52,FALSE,non
438_5,Jyllands-Posten,5,0.8658020975086382,1,52,FALSE,non
347_4,Ekstra Bladet,4,0.24691045450313598,2,39,TRUE,non
263_4,BT,4,0.3239550167496852,1,48,FALSE,non
70_5,BT,5,0.35712440109740695,1,46,FALSE,non
329_4,Jyllands-Posten,4,0.1159319450891183,1,48,FALSE,non
122_4,Jyllands-Posten,4,0.6516458426261806,1,41,FALSE,non
80_4,Berlingske,4,0.8876151549247353,1,53,FALSE,non
447_3,Berlingske,3,0.54000348558803,4,42,FALSE,non
45_3,BT,3,0.47418308775534324,2,43,FALSE,non
358_2,BT,2,0.8803488779807515,1,59,FALSE,non
114_4,Jyllands-Posten,4,0.4785351444742951,1,38,FALSE,non
242_2,Berlingske,2,0.2637269591361959,1,48,FALSE,non
415_4,Jyllands-Posten,4,0.8203394791806949,1,54,FALSE,non
50_5,Politiken,5,0.9948013853319997,1,63,FALSE,non
464_4,BT,4,0.19315928586315045,1,55,FALSE,non
111_5,Politiken,5,0.8541598170258451,1,47,FALSE,non
406_5,Jyllands-Posten,5,0.9393959805680948,1,44,FALSE,non
86_2,Politiken,2,0.7760649804754667,3,51,FALSE,non
384_5,Politiken,5,0.061157885816232715,1,49,FALSE,non
454_4,Jyllands-Posten,4,0.6559016680747957,4,45,FALSE,non
308_2,Jyllands-Posten,2,0.22071445540505719,1,44,FALSE,non
6_2,BT,2,0.8863427110979157,1,54,FALSE,non
17_1,BT,1,0.10626234293084502,1,58,FALSE,non
136_2,Berlingske,2,0.24462739331914385,3,45,TRUE,non
252_5,BT,5,0.5484050231971227,1,40,FALSE,non
81_1,BT,1,0.16478965433909276,1,58,FALSE,non
118_3,BT,3,0.4409330679823925,1,46,FALSE,non
134_2,Jyllands-Posten,2,0.9675233563687317,3,50,FALSE,non
353_5,Berlingske,5,0.9984101778254292,3,47,FALSE,non
215_5,Ekstra Bladet,5,0.5868918175171272,1,38,FALSE,non
41_5,Jyllands-Posten,5,0.290389929465652,3,42,FALSE,non
441_5,Ekstra Bladet,5,0.055417364385231926,2,44,FALSE,non
174_2,Berlingske,2,0.156240095242679,1,36,FALSE,non
490_3,BT,3,0.9428046684732309,1,35,FALSE,non
249_1,Jyllands-Posten,1,0.5904823075434615,3,57,FALSE,non
455_2,Berlingske,2,0.9606564236111934,1,57,FALSE,non
408_5,Politiken,5,0.9217386664947275,2,48,FALSE,non
320_3,Jyllands-Posten,3,0.09024322381201944,1,51,FALSE,non
427_3,Berlingske,3,0.06756365988338664,2,48,FALSE,non
234_1,Berlingske,1,0.46105472392610425,2,55,FALSE,non
236_1,Berlingske,1,0.749550222264615,2,44,FALSE,non
432_1,Berlingske,1,0.9122439499082732,1,51,FALSE,non
379_5,Berlingske,5,0.6772772598532124,3,40,TRUE,non
90_4,Jyllands-Posten,4,0.26735618075970113,1,47,FALSE,non
164_2,Berlingske,2,0.04046474011343271,1,49,FALSE,non
107_4,Berlingske,4,0.10635861880762443,1,47,FALSE,non
145_5,Ekstra Bladet,5,0.32267983953506096,1,47,FALSE,non
280_3,BT,3,0.29050408128329075,1,53,FALSE,non
218_1,Berlingske,1,0.17521985677297414,3,40,FALSE,non
188_5,BT,5,0.3203774024437608,1,60,FALSE,non
219_4,Jyllands-Posten,4,0.5645396327606573,1,46,FALSE,non
189_3,Berlingske,3,0.4369634683884708,1,44,FALSE,non
439_2,Berlingske,2,0.3836056277444926,1,60,FALSE,non
253_3,Berlingske,3,0.06334086052610621,1,56,FALSE,non
166_3,Jyllands-Posten,3,0.4377411981679997,1,56,FALSE,non
443_5,BT,5,0.5105964911512143,1,59,FALSE,non
82_2,Ekstra Bladet,2,0.290006541900081,1,56,FALSE,non
486_5,Berlingske,5,0.6599015281704542,2,45,FALSE,non
206_1,Berlingske,1,0.2407606037704927,1,46,FALSE,non
171_1,Ekstra Bladet,1,0.2359345252435774,1,48,FALSE,non
59_4,Berlingske,4,0.47571110193889654,1,46,FALSE,non
382_4,BT,4,0.6102343450274516,1,46,FALSE,non
288_5,Berlingske,5,0.4940282377233153,1,51,FALSE,non
32_3,Jyllands-Posten,3,0.23793227419047513,1,68,FALSE,non
229_4,Berlingske,4,0.711449968349554,1,63,FALSE,non
63_5,BT,5,0.33529904264301824,3,54,FALSE,non
426_4,Jyllands-Posten,4,0.11345332084685367,1,53,FALSE,non
73_5,Berlingske,5,0.9227190141282092,3,40,FALSE,non
498_1,Ekstra Bladet,1,0.4383797009309187,1,38,FALSE,non
430_5,BT,5,0.781049267455305,1,53,FALSE,non
89_5,Jyllands-Posten,5,0.1603634856122006,1,39,FALSE,non
25_2,Berlingske,2,0.027056150587743133,1,60,FALSE,non
334_1,Politiken,1,0.8179748118741981,1,50,FALSE,non
276_2,Politiken,2,0.06881310655057704,2,50,FALSE,non
9_4,BT,4,0.21941400800121524,1,53,FALSE,non
385_5,BT,5,0.2688788013765828,1,43,FALSE,non
143_2,Berlingske,2,0.3374342803059087,1,54,FALSE,non
108_4,Politiken,4,0.09433254047956696,1,42,FALSE,non
325_5,Berlingske,5,0.3376003828664973,1,52,FALSE,non
497_3,Berlingske,3,0.980638798378522,1,57,FALSE,non
259_3,Jyllands-Posten,3,0.18493544579268772,1,57,FALSE,non
68_1,Berlingske,1,0.1557777218006119,2,49,FALSE,non
369_4,Berlingske,4,0.93883725976437,1,57,FALSE,non
31_3,Berlingske,3,0.5186519965874761,1,55,FALSE,non
335_2,Berlingske,2,0.9885181098404872,1,47,FALSE,non
201_4,Berlingske,4,0.9804472508351448,1,49,FALSE,non
258_4,Jyllands-Posten,4,0.902781331809641,2,51,FALSE,non
37_1,BT,1,0.17372910932490082,1,60,FALSE,non
360_2,BT,2,0.8097166070265263,4,57,FALSE,non
466_5,BT,5,0.7833185739787882,1,54,FALSE,non
331_2,BT,2,0.7265169372139209,1,61,FALSE,non
172_1,Berlingske,1,0.6178144766603831,1,44,FALSE,non
387_4,Berlingske,4,0.8476843603518119,1,50,FALSE,non
315_5,BT,5,0.09783926076875238,1,50,FALSE,non
286_2,Politiken,2,0.7173871619968886,3,53,FALSE,non
381_4,BT,4,0.39962900931514633,2,71,FALSE,non
23_4,BT,4,0.5825987681176203,1,61,FALSE,non
227_4,Fake News,4,0.927912203609651,3,55,FALSE,social
96_2,Ekstra Bladet,2,0.15290586401128825,1,54,FALSE,social
153_3,Politiken,3,0.5823292040420182,1,59,FALSE,social
99_5,Berlingske,5,0.8721594000323379,1,45,FALSE,social
10_3,Politiken,3,0.35444499827910037,1,54,FALSE,social
401_3,Politiken,3,0.5936139564616352,1,51,FALSE,social
407_1,BT,1,0.40573014415903264,1,45,FALSE,social
329_5,BT,5,0.46080880405230373,3,44,FALSE,social
212_2,Politiken,2,0.6415716714136224,1,42,FALSE,social
7_5,BT,5,0.2287210044847896,1,55,FALSE,social
64_3,Politiken,3,0.17244629455711824,1,43,FALSE,social
117_2,BT,2,0.8690997695687316,1,53,FALSE,social
376_5,Politiken,5,0.5724831983378603,1,49,FALSE,social
242_1,Politiken,1,0.6805338137399422,1,60,FALSE,social
248_1,BT,1,0.8619519316333752,1,55,FALSE,social
471_1,BT,1,0.9846739188675937,2,48,FALSE,social
454_2,Ekstra Bladet,2,0.7081679461561391,1,57,FALSE,social
493_3,BT,3,0.020608529419831156,1,56,FALSE,social
361_4,Politiken,4,0.541680522059692,1,57,FALSE,social
457_5,Politiken,5,0.7087660493997895,1,59,FALSE,social
492_5,Politiken,5,0.960555484630489,1,46,FALSE,social
340_3,Politiken,3,0.648610277369048,2,57,TRUE,social
346_4,Politiken,4,0.25767715413473513,1,53,FALSE,social
429_5,BT,5,0.3086490464320947,1,46,FALSE,social
245_5,Politiken,5,0.31524962275650437,1,64,FALSE,social
195_1,BT,1,0.8909761189653103,1,54,FALSE,social
231_2,BT,2,0.6069458912850652,1,47,FALSE,social
327_2,Politiken,2,0.6321832709585369,1,52,FALSE,social
71_1,BT,1,0.9141500976073187,1,41,FALSE,social
173_1,BT,1,0.029905025903336768,1,57,FALSE,social
306_2,BT,2,0.5616718076648,1,52,FALSE,social
303_3,Politiken,3,0.45298180551236145,1,53,FALSE,social
403_4,Berlingske,4,0.006052463580780709,2,59,FALSE,social
202_2,BT,2,0.20875932185594748,1,54,FALSE,social
175_1,BT,1,0.9354918481603907,2,52,FALSE,social
89_5,Politiken,5,0.22445133837441833,1,45,FALSE,social
174_4,Jyllands-Posten,4,0.990140115434887,1,47,FALSE,social
100_3,Politiken,3,0.3945596168492098,1,44,FALSE,social
182_3,Politiken,3,0.8078861164623947,2,58,FALSE,social
372_4,Politiken,4,0.9321571633474509,1,68,FALSE,social
484_3,Politiken,3,0.7076838318071937,1,52,FALSE,social
345_2,BT,2,0.6448995450450484,3,54,FALSE,social
19_2,Politiken,2,0.05237314282390215,1,46,FALSE,social
33_2,Politiken,2,0.1717692355365269,3,49,FALSE,social
213_2,Ekstra Bladet,2,0.4299246585193347,1,49,FALSE,social
187_5,BT,5,0.299265563330259,1,51,FALSE,social
63_4,Politiken,4,0.6075424977251495,2,48,FALSE,social
417_3,Politiken,3,0.3886255031874506,1,46,FALSE,social
217_1,BT,1,0.0856618257501417,1,48,FALSE,social
418_1,Berlingske,1,0.3993823897463985,3,39,FALSE,social
45_3,Politiken,3,0.1039997728212746,2,46,FALSE,social
357_2,BT,2,0.9006718380481988,4,52,FALSE,social
92_1,BT,1,0.3462009404798664,1,39,FALSE,social
433_3,Politiken,3,0.7873453408512797,1,61,FALSE,social
34_2,Ekstra Bladet,2,0.04462769724730353,1,59,FALSE,social
330_1,Politiken,1,0.9924037228484367,1,45,FALSE,social
490_3,Politiken,3,0.10073360733971348,1,45,FALSE,social
44_4,Berlingske,4,0.757666481501162,1,43,FALSE,social
35_4,Fake News,4,0.6006357587368633,1,54,FALSE,social
67_4,Politiken,4,0.08895830693235574,1,53,FALSE,social
299_5,Berlingske,5,0.9062911169989524,1,65,FALSE,social
395_3,Politiken,3,0.7339973131707938,1,46,FALSE,social
342_5,Politiken,5,0.6254383026604445,2,39,FALSE,social
453_5,Politiken,5,0.19573412085553477,3,58,FALSE,social
459_4,Jyllands-Posten,4,0.11516594074845676,1,60,FALSE,social
73_5,Berlingske,5,0.2812409258572306,1,36,FALSE,social
163_5,BT,5,0.4011248495612103,1,51,FALSE,social
127_4,Politiken,4,0.24086397475311394,1,56,FALSE,social
423_3,BT,3,0.6545729581794701,1,61,FALSE,social
447_1,Politiken,1,0.23730010515576283,2,42,FALSE,social
270_1,BT,1,0.8311145764001856,1,69,FALSE,social
230_3,Politiken,3,0.7947126509143589,1,37,FALSE,social
46_1,BT,1,0.04233832348099176,1,53,FALSE,social
30_4,Politiken,4,0.16830408807111374,1,51,FALSE,social
378_3,Politiken,3,0.26467943127182225,1,58,FALSE,social
496_2,Ekstra Bladet,2,0.3399985299783743,1,66,FALSE,social
452_1,BT,1,0.24031425151738628,2,62,FALSE,social
444_3,Politiken,3,0.32585193360527775,1,44,FALSE,social
302_4,Berlingske,4,0.7270655627465775,1,49,FALSE,social
188_1,BT,1,0.3703078651865147,1,55,FALSE,social
21_2,Politiken,2,0.0025090587165415013,1,48,FALSE,social
350_5,Berlingske,5,0.10391533252602125,4,52,FALSE,social
60_1,BT,1,0.7280519046120453,1,62,FALSE,social
28_3,Politiken,3,0.7377122219151045,1,59,FALSE,social
317_3,BT,3,0.9652838694686404,2,48,FALSE,social
272_1,BT,1,0.888693658956828,1,45,FALSE,social
371_1,BT,1,0.7787777607881383,2,58,FALSE,social
39_4,Fake News,4,0.0886177124987898,1,58,FALSE,social
133_1,BT,1,0.7509882846130458,1,41,FALSE,social
291_4,Berlingske,4,0.057294772617022094,2,43,FALSE,social
74_1,BT,1,0.021849514243643564,3,60,FALSE,social
186_5,BT,5,0.5804863871741555,1,57,FALSE,social
487_4,BT,4,0.430093170126724,4,40,FALSE,social
390_5,BT,5,0.8774211926685239,2,54,FALSE,social
169_3,Politiken,3,0.5366638700094396,1,57,FALSE,social
394_1,BT,1,0.29156441930915644,1,51,FALSE,social
223_1,BT,1,0.17418281570933136,1,45,FALSE,social
143_5,Politiken,5,0.6002797032934843,2,50,TRUE,social
388_2,BT,2,0.943242095050309,1,52,FALSE,social
271_4,Politiken,4,0.25681197508288434,1,58,FALSE,social
177_2,Ekstra Bladet,2,0.10433755490231467,1,40,FALSE,social
334_5,BT,5,0.8023327832519516,3,43,FALSE,social
40_5,BT,5,0.25591821023546657,1,58,FALSE,social
138_5,Politiken,5,0.22054935205951443,1,55,FALSE,social
84_3,Politiken,3,0.22703321297614654,2,65,FALSE,social
114_1,BT,1,0.3068741573048931,1,54,FALSE,social
415_4,Jyllands-Posten,4,0.3610216902273907,1,65,FALSE,social
43_4,Politiken,4,0.20818451598338983,1,51,FALSE,social
140_3,Politiken,3,0.9678855195856564,1,52,FALSE,social
158_4,Fake News,4,0.5879100647082326,1,55,FALSE,social
123_5,Politiken,5,0.3347272736594338,1,60,FALSE,social
257_4,Politiken,4,0.9733354924257998,1,60,FALSE,social
111_1,BT,1,0.27970530597202203,3,57,FALSE,social
313_5,BT,5,0.19903128909732415,2,46,FALSE,social
435_3,Politiken,3,0.8670250618451748,3,56,FALSE,social
421_1,Berlingske,1,0.9714332966719809,2,41,FALSE,social
77_1,BT,1,0.6128015476582553,1,56,FALSE,social
115_1,BT,1,0.15260177642484707,2,48,FALSE,social
139_5,Politiken,5,0.29287593163998527,1,53,FALSE,social
443_5,Politiken,5,0.19615893341350177,1,56,FALSE,social
106_1,BT,1,0.618868289839904,3,42,FALSE,social
32_2,Politiken,2,0.4958961874760024,3,48,FALSE,social
157_3,Politiken,3,0.7258305316360867,1,51,FALSE,social
441_3,Politiken,3,0.3081958805320836,1,50,FALSE,social
495_1,Jyllands-Posten,1,0.33743834811206663,1,45,FALSE,social
69_4,Politiken,4,0.12361841717750799,5,55,TRUE,social
66_3,Politiken,3,0.6015774738559744,1,50,FALSE,social
314_1,BT,1,0.6849213279331205,1,48,FALSE,social
95_3,Politiken,3,0.47320161563001106,1,50,FALSE,social
191_4,Berlingske,4,0.92778863006313,1,64,FALSE,social
455_1,BT,1,0.2540286479688778,1,48,FALSE,social
365_2,BT,2,0.48851867890618217,1,59,FALSE,social
341_4,Fake News,4,0.9584506247471037,1,54,FALSE,social
29_4,Politiken,4,0.6158807183307764,1,52,FALSE,social
275_2,Berlingske,2,0.6049040135699093,1,68,FALSE,social
154_3,Politiken,3,0.183096821269493,3,67,FALSE,social
14_5,Politiken,5,0.9391447854762728,1,42,FALSE,social
152_3,Politiken,3,0.15135665004047483,1,40,FALSE,social
369_5,BT,5,0.3262704536516694,1,52,FALSE,social
426_3,Politiken,3,0.37361063847648757,1,58,FALSE,social
218_1,BT,1,0.980050548381909,1,50,FALSE,social
135_5,Politiken,5,0.12292284435995982,1,53,FALSE,social
333_4,Berlingske,4,0.28387775344140587,4,46,FALSE,social
430_1,BT,1,0.9438027952283946,2,46,FALSE,social
200_2,BT,2,0.841484457756345,1,49,FALSE,social
9_2,Ekstra Bladet,2,0.3418253901599979,2,65,TRUE,social
277_1,BT,1,0.24253931096254144,3,57,FALSE,social
463_5,Berlingske,5,0.9669438464429401,1,47,FALSE,social
12_3,Politiken,3,0.46862146360588264,1,43,FALSE,social
48_5,BT,5,0.7350106738573003,1,50,FALSE,social
279_3,Politiken,3,0.9122544938353363,5,48,TRUE,social
489_4,Berlingske,4,0.8995279907815615,1,46,FALSE,social
251_4,Jyllands-Posten,4,0.4078665901218754,2,43,TRUE,social
93_1,BT,1,0.6932970183291628,1,58,FALSE,social
53_3,Politiken,3,0.24247371165404963,3,47,FALSE,social
79_2,BT,2,0.23400911079282882,1,49,FALSE,social
37_2,Politiken,2,0.15432007392999092,2,45,FALSE,social
393_1,BT,1,0.26897685869066923,1,30,FALSE,social
409_5,Politiken,5,0.7712266733990906,1,53,FALSE,social
439_2,Politiken,2,0.09472365085046497,1,63,FALSE,social
483_1,BT,1,0.9094376022984105,3,57,FALSE,social
465_1,BT,1,0.425103472005779,2,53,FALSE,social
404_4,Politiken,4,0.7645934415218866,1,51,FALSE,social
281_5,BT,5,0.7367193091854198,3,53,FALSE,social
196_3,Politiken,3,0.9334571949403482,1,53,FALSE,social
315_5,BT,5,0.9324980705591968,1,45,FALSE,social
319_5,BT,5,0.42742497603187046,2,45,FALSE,social
448_5,BT,5,0.9769796690987367,2,47,FALSE,social
305_1,BT,1,0.8884861523240689,1,61,FALSE,social
338_3,Berlingske,3,0.26333513861340896,1,55,FALSE,social
161_5,Berlingske,5,0.7885898099387038,1,49,FALSE,social
354_2,Politiken,2,0.5893620421343116,1,53,FALSE,social
190_1,Politiken,1,0.3380603654046077,1,62,FALSE,social
336_4,Politiken,4,0.3577823766955268,2,52,FALSE,social
86_1,BT,1,0.026166958948941943,1,39,FALSE,social
359_3,Politiken,3,0.2276959110504665,3,78,FALSE,social
8_2,Politiken,2,0.12426269050859151,4,43,TRUE,social
397_2,Ekstra Bladet,2,0.2525929569528451,1,43,FALSE,social
416_4,Berlingske,4,0.29986607855588476,2,50,FALSE,social
254_3,Politiken,3,0.4426584492130684,2,45,FALSE,social
137_1,Politiken,1,0.8304070091693498,4,45,FALSE,social
238_2,Politiken,2,0.06091874555552734,1,46,FALSE,social
309_2,Ekstra Bladet,2,0.9335496251702899,2,53,FALSE,social
323_5,Politiken,5,0.1891695770688353,2,40,TRUE,social
475_2,Politiken,2,0.21673530976727917,3,39,FALSE,social
287_3,Politiken,3,0.7157339129836755,2,60,FALSE,social
23_4,BT,4,0.8090264738377009,3,57,FALSE,social
185_3,Politiken,3,0.41633797814696194,1,64,FALSE,social
406_5,Berlingske,5,0.07173990160043786,2,51,FALSE,social
344_4,Jyllands-Posten,4,0.818845662859956,2,62,FALSE,social
265_5,BT,5,0.057957244597562685,1,45,FALSE,social
228_3,Politiken,3,0.17020515589177665,1,51,FALSE,social
449_5,BT,5,0.1202513744048721,1,52,FALSE,social
41_1,BT,1,0.4653281662466675,1,39,FALSE,social
119_5,BT,5,0.8355790464345688,1,57,FALSE,social
209_4,Berlingske,4,0.452167010889474,3,45,FALSE,social
292_4,Politiken,4,0.9274447433831222,1,61,FALSE,social
236_5,Berlingske,5,0.6033307907622467,2,60,FALSE,social
6_1,Ekstra Bladet,1,0.033060823898824254,2,50,FALSE,social
181_1,BT,1,0.3188094652566559,2,56,FALSE,social
102_4,Politiken,4,0.9738536802333674,1,50,FALSE,social
494_2,BT,2,0.5231061858111118,1,44,FALSE,social
289_5,Jyllands-Posten,5,0.6228542256426561,1,45,FALSE,social
504_3,Politiken,3,0.47618978087926545,1,54,FALSE,social
170_1,Politiken,1,0.460135919189816,2,61,FALSE,social
193_5,Berlingske,5,0.19709767520996846,1,55,FALSE,social
466_2,Ekstra Bladet,2,0.15646217505482085,1,56,FALSE,social
285_5,BT,5,0.6323061500364422,2,60,TRUE,social
456_1,Politiken,1,0.10208095818468921,1,48,FALSE,social
505_3,Politiken,3,0.7720128341352008,1,55,FALSE,social
318_4,Jyllands-Posten,4,0.5399035727908102,1,51,FALSE,social
410_5,BT,5,0.3612737422466227,2,48,FALSE,social
253_1,Politiken,1,0.07700177263811236,2,41,FALSE,social
389_3,Jyllands-Posten,3,0.6947077518911206,1,67,FALSE,social
477_5,BT,5,0.4824053137160156,1,43,FALSE,social
276_2,BT,2,0.4796772479485766,1,57,FALSE,social
325_1,BT,1,0.6246319569229296,2,54,TRUE,social
120_1,BT,1,0.05736466810549545,1,49,FALSE,social
396_2,Ekstra Bladet,2,0.630897328009026,1,45,FALSE,social
432_5,BT,5,0.7660300296338421,1,50,FALSE,social
307_2,Ekstra Bladet,2,0.2285483724967784,2,47,FALSE,social
145_2,Politiken,2,0.40686839797763263,2,53,FALSE,social
57_2,Politiken,2,0.7178207065537372,4,44,TRUE,social
131_3,Politiken,3,0.5888102330497205,1,47,FALSE,social
384_2,Ekstra Bladet,2,0.5456532969009408,1,58,FALSE,social
54_3,Politiken,3,0.3688736781222758,1,60,FALSE,social
440_5,Politiken,5,0.25623529722189775,4,43,FALSE,social
219_1,BT,1,0.9866436056810737,3,53,FALSE,social
347_1,BT,1,0.3163487224488496,1,56,FALSE,social
321_4,Politiken,4,0.7036689652145258,1,43,FALSE,social
215_3,Politiken,3,0.7124941614288014,4,51,FALSE,social
68_1,BT,1,0.07979918625763671,1,53,FALSE,social
118_5,BT,5,0.42651996876099374,1,54,FALSE,social
159_3,BT,3,0.13637362254599383,1,42,FALSE,social
502_3,BT,3,0.4715190300920884,3,56,FALSE,social
258_4,BT,4,0.6173687644472933,2,47,TRUE,social
81_3,Politiken,3,0.22748840735474785,1,49,FALSE,social
203_5,Politiken,5,0.6991456379634301,3,53,FALSE,social
122_3,Politiken,3,0.5835555330688573,3,55,FALSE,social
498_1,BT,1,0.22311394371742432,4,44,TRUE,social
312_5,BT,5,0.6885363896795672,1,57,FALSE,social
129_2,BT,2,0.7970032929806511,1,42,FALSE,social
150_1,BT,1,0.35427649561166097,1,50,FALSE,social
104_5,Berlingske,5,0.8990416218074738,1,51,FALSE,social
479_1,BT,1,0.4140183113761652,1,72,FALSE,social
398_5,Politiken,5,0.8617614087240297,1,52,FALSE,social
125_5,BT,5,0.8175436634814318,1,46,FALSE,social
400_4,Fake News,4,0.06681242515304109,1,53,FALSE,social
234_1,BT,1,0.4297444952730196,1,51,FALSE,social
207_5,BT,5,0.6093012815964256,1,42,FALSE,social
165_5,Politiken,5,0.2568927513783712,1,50,FALSE,social
332_5,Politiken,5,0.6591161417950991,3,49,FALSE,social
301_3,Politiken,3,0.23672965206920404,2,48,FALSE,social
503_5,BT,5,0.8864111694855156,1,44,FALSE,social
366_3,Politiken,3,0.8728499460537197,3,53,FALSE,social
497_5,BT,5,0.6864079409668,1,37,FALSE,social
385_3,Politiken,3,0.23856891862007745,1,56,FALSE,social
260_4,Politiken,4,0.7445948440108533,1,52,FALSE,social
304_4,Politiken,4,0.6885890631943249,1,44,FALSE,social
486_3,Politiken,3,0.94681383913795,1,54,FALSE,social
316_4,Fake News,4,0.6522888952273541,1,45,FALSE,social
240_3,Berlingske,3,0.7969901422804989,3,50,FALSE,social
246_1,BT,1,0.3745583836633326,1,51,FALSE,social
262_4,Politiken,4,0.9929092286754087,3,60,FALSE,social
414_2,BT,2,0.26873832516994156,1,57,FALSE,social
351_5,BT,5,0.7927590555999527,1,46,FALSE,social
264_3,Politiken,3,0.5639583765067658,1,52,FALSE,social
31_3,Politiken,3,0.5519134848083985,1,46,FALSE,social
237_5,BT,5,0.7570735389526673,1,52,FALSE,social
283_4,Politiken,4,0.2284310978337124,3,45,FALSE,social
179_1,Politiken,1,0.7075715213799948,1,47,FALSE,social
402_3,Politiken,3,0.7808392558242548,1,53,FALSE,social
247_2,Politiken,2,0.8177002248100379,1,51,FALSE,social
405_1,BT,1,0.47442634755561774,1,59,FALSE,social
324_1,BT,1,0.9671088409025929,1,56,FALSE,social
156_2,Ekstra Bladet,2,0.9375472370114395,1,36,FALSE,social
221_4,Politiken,4,0.15621536524897361,1,45,FALSE,social
480_4,Berlingske,4,0.9232898300873875,2,47,TRUE,social
199_4,Jyllands-Posten,4,0.5915505481230099,1,59,FALSE,social
113_3,Politiken,3,0.6396082401787654,1,56,FALSE,social
22_4,Politiken,4,0.7565747604183575,2,51,FALSE,social
62_5,Berlingske,5,0.4106292673900288,1,45,FALSE,social
368_5,Berlingske,5,0.12868201203621188,4,51,TRUE,social
192_2,Ekstra Bladet,2,0.2397613029088843,1,54,FALSE,social
297_2,Politiken,2,0.17766091145839924,1,51,FALSE,social
211_5,Berlingske,5,0.9780930770517224,1,60,FALSE,social
476_3,Politiken,3,0.48670793647577926,2,61,FALSE,social
126_1,BT,1,0.7657640023135995,2,50,FALSE,social
204_3,Politiken,3,0.22957044064147925,2,57,FALSE,social
352_3,Politiken,3,0.06586409427369011,1,58,FALSE,social
184_2,BT,2,0.9276169301473598,1,46,FALSE,social
146_5,BT,5,0.2962743794374687,1,49,FALSE,social
469_2,Politiken,2,0.022149906683698428,1,52,FALSE,social
322_4,Politiken,4,0.797027680975419,1,49,FALSE,social
27_5,BT,5,0.4375827886475744,1,49,FALSE,social
220_5,Politiken,5,0.7472465562781241,1,55,FALSE,social
383_2,BT,2,0.09724368342318523,1,38,FALSE,social
419_5,BT,5,0.5937919772399733,1,51,FALSE,social
310_1,Ekstra Bladet,1,0.6836621873332682,3,41,TRUE,social
320_3,Politiken,3,0.5346266045552386,3,44,FALSE,social
110_3,Politiken,3,0.8836600088413206,1,52,FALSE,social
468_3,Politiken,3,0.2730029838876108,1,59,FALSE,social
205_3,Politiken,3,0.7163537386765713,2,46,FALSE,social
470_3,Berlingske,3,0.8920934987231606,1,64,FALSE,social
243_4,Politiken,4,0.6700573870669863,1,52,FALSE,social
206_4,Jyllands-Posten,4,0.37130293964320205,1,67,FALSE,social
225_5,BT,5,0.12191735710222484,4,54,FALSE,social
501_3,Politiken,3,0.860073758664456,1,48,FALSE,social
293_4,Berlingske,4,0.047552075772622215,3,58,FALSE,social
408_1,BT,1,0.1484121126779937,1,59,FALSE,social
171_1,BT,1,0.5654924566304858,3,51,FALSE,social
208_5,Berlingske,5,0.9203003517283411,1,50,FALSE,social
50_1,Politiken,1,0.32363486310007084,1,66,FALSE,social
107_2,Berlingske,2,0.82277678273747,1,48,FALSE,social
295_2,BT,2,0.8686550089671771,3,42,FALSE,social
420_3,Politiken,3,0.9304002895670026,3,57,FALSE,social
482_1,BT,1,0.09566649978059039,1,54,FALSE,social
374_1,BT,1,0.6629997203187321,1,64,FALSE,social
178_2,Ekstra Bladet,2,0.3940054829505236,1,54,FALSE,social
255_3,Politiken,3,0.12697674548937832,1,51,FALSE,social
98_1,BT,1,0.9190556433610624,1,58,FALSE,social
269_5,BT,5,0.2489788886666986,1,54,FALSE,social
355_3,BT,3,0.4428680641927035,4,57,FALSE,social
259_3,Politiken,3,0.46496408355132735,1,62,FALSE,social
267_5,BT,5,0.9673701364085034,1,45,FALSE,social
194_3,Politiken,3,0.9487821796292313,1,44,FALSE,social
103_5,Berlingske,5,0.11022517095455564,3,54,FALSE,social
38_4,Fake News,4,0.9613932869594874,2,52,FALSE,social
280_1,BT,1,0.18849072269620193,1,54,FALSE,social
460_1,BT,1,0.5476248661173471,1,46,FALSE,social
197_3,Politiken,3,0.12475186748978218,1,43,FALSE,social
290_4,Fake News,4,0.9628276391812819,2,52,TRUE,social
478_4,Politiken,4,0.5663310879389194,1,60,FALSE,social
78_5,BT,5,0.34756974992216305,1,48,FALSE,social
85_4,BT,4,0.5470313230800852,1,50,FALSE,social
11_2,Ekstra Bladet,2,0.24670497964837423,2,51,FALSE,social
176_1,Politiken,1,0.529407011391817,2,46,FALSE,social
446_3,Politiken,3,0.9821555785217657,1,50,FALSE,social
364_5,BT,5,0.41881380524645717,2,44,TRUE,social
331_5,Berlingske,5,0.0523350146008712,1,43,FALSE,social
25_3,Politiken,3,0.43391431440278605,1,49,FALSE,social
172_3,Politiken,3,0.613329134109551,3,51,FALSE,social
263_2,Berlingske,2,0.8794972752421113,1,51,FALSE,social
427_3,Politiken,3,0.4527078682853357,4,39,FALSE,social
51_1,BT,1,0.20662687495715126,1,44,FALSE,social
335_1,BT,1,0.009899729008287284,1,51,FALSE,social
15_2,Ekstra Bladet,2,0.6484073552497734,1,48,FALSE,social
147_1,BT,1,0.01601200101765643,1,54,FALSE,social
298_4,Fake News,4,0.1448569200723102,1,53,FALSE,social
461_1,BT,1,0.5141327251002166,1,51,FALSE,social
464_5,Politiken,5,0.4470262344504673,1,56,FALSE,social
399_2,Politiken,2,0.7662056248645432,1,37,FALSE,social
167_3,Politiken,3,0.30236394425688096,1,57,FALSE,social
166_4,Jyllands-Posten,4,0.4185868808517994,2,49,FALSE,social
168_4,Fake News,4,0.4165416491163997,1,49,FALSE,social
462_5,BT,5,0.20892654470526273,1,60,FALSE,social
148_5,BT,5,0.49431169019289334,3,58,FALSE,social
392_1,BT,1,0.26966240469082947,1,52,FALSE,social
75_4,Politiken,4,0.26818890865170963,1,63,FALSE,social
76_2,Politiken,2,0.04307718510880476,3,52,FALSE,social
87_3,Politiken,3,0.1856097000189063,1,42,FALSE,social
373_4,Berlingske,4,0.8963861994474216,1,45,FALSE,social
379_5,Berlingske,5,0.1941171177183718,2,67,FALSE,social
367_5,Politiken,5,0.17359015839618974,2,56,FALSE,social
387_3,Politiken,3,0.7689331602904813,2,39,FALSE,social
233_4,Berlingske,4,0.081621383431977,1,51,FALSE,social
412_4,Fake News,4,0.03415672264683334,1,62,FALSE,social
250_3,Politiken,3,0.3948607551491661,1,51,FALSE,social
353_4,Fake News,4,0.8317114782952174,1,50,FALSE,social
155_3,Politiken,3,0.644049305558158,1,54,FALSE,social
375_4,BT,4,0.17915876076663928,1,57,FALSE,social
278_5,Berlingske,5,0.5068451042765098,2,60,FALSE,social
356_1,BT,1,0.30801063664837325,1,46,FALSE,social
94_5,BT,5,0.9746086178400729,1,56,FALSE,social
144_4,Politiken,4,0.8113785003563921,1,54,FALSE,social
162_2,Ekstra Bladet,2,0.5125296023787104,1,50,FALSE,social
239_2,Ekstra Bladet,2,0.5221910269199843,1,52,FALSE,social
391_3,Politiken,3,0.6483491724450106,1,50,FALSE,social
294_3,Politiken,3,0.0094586336828546,1,55,FALSE,social
481_1,BT,1,0.8790214256903743,1,50,FALSE,social
232_5,Ekstra Bladet,5,0.43256837100549417,1,57,FALSE,social
241_3,Politiken,3,0.5227415838338269,2,42,FALSE,social
132_2,Politiken,2,0.47224661004454715,1,65,FALSE,social
134_2,BT,2,0.14833814772115184,2,41,FALSE,social
13_1,BT,1,0.44283887654010545,4,71,TRUE,social
328_5,BT,5,0.6293319471893635,1,48,FALSE,social
377_3,Politiken,3,0.002876309261210741,2,53,TRUE,social
491_4,Politiken,4,0.3510464718226669,1,50,FALSE,social
438_2,BT,2,0.9466568551839258,1,53,FALSE,social
214_5,Berlingske,5,0.4185191958286013,1,45,FALSE,social
18_5,BT,5,0.909548510786344,3,49,FALSE,social
286_1,BT,1,0.9753872547578818,1,55,FALSE,social
20_5,BT,5,0.6404965056204597,2,46,FALSE,social
472_3,Politiken,3,0.2647211495465668,1,60,FALSE,social
83_1,BT,1,0.30595953061501,1,53,FALSE,social
59_3,Politiken,3,0.03958766485180465,2,54,FALSE,social
473_5,Berlingske,5,0.5094111326856204,1,57,FALSE,social
72_4,Politiken,4,0.5073600001638663,2,49,FALSE,social
109_5,Berlingske,5,0.39042865956361694,2,39,FALSE,social
424_4,Fake News,4,0.8169051113494172,1,46,FALSE,social
124_4,Politiken,4,0.8151722604391081,1,46,FALSE,social
36_4,Berlingske,4,0.9391501021813968,1,47,FALSE,social
436_1,BT,1,0.16174222438879882,1,46,FALSE,social
434_2,Ekstra Bladet,2,0.447639770240168,1,52,FALSE,social
164_3,Politiken,3,0.9152606055627422,1,50,FALSE,social
88_4,Fake News,4,0.70277175144421,1,54,FALSE,social
235_1,BT,1,0.6451359657546782,1,56,FALSE,social
91_4,BT,4,0.8157450035097368,1,41,FALSE,social
266_3,Politiken,3,0.13906294883703674,1,53,FALSE,social
252_3,Politiken,3,0.34157737830184687,1,56,FALSE,social
61_1,Politiken,1,0.35522842665944554,3,51,FALSE,social
343_1,BT,1,0.7423674102532298,3,49,FALSE,social
65_5,Ekstra Bladet,5,0.33211961234439646,2,55,FALSE,social
201_5,BT,5,0.34324761310808016,1,59,FALSE,social
58_5,Berlingske,5,0.5870509477669122,2,51,FALSE,social
149_2,Ekstra Bladet,2,0.5643733297189344,1,54,FALSE,social
382_2,BT,2,0.22767436541044206,1,48,FALSE,social
256_2,BT,2,0.9854558457273642,2,39,TRUE,social
362_5,Ekstra Bladet,5,0.5991269060252002,2,48,FALSE,social
442_5,Politiken,5,0.8697153598470609,1,48,FALSE,social
422_5,BT,5,0.4393299337198162,2,40,FALSE,social
112_4,BT,4,0.6548309406193644,1,51,FALSE,social
474_4,Jyllands-Posten,4,0.6574158871512251,1,42,FALSE,social
116_5,BT,5,0.6237135579477021,1,43,FALSE,social
121_1,BT,1,0.6819490298223858,1,53,FALSE,social
268_4,Ekstra Bladet,4,0.23577329261119273,3,42,FALSE,social
296_4,Jyllands-Posten,4,0.16685728986750492,1,38,FALSE,social
47_2,Ekstra Bladet,2,0.34940042575428176,1,56,FALSE,social
261_1,BT,1,0.939303900898615,1,43,FALSE,social
80_2,BT,2,0.640983648245462,1,47,FALSE,social
488_1,BT,1,0.5218400245502607,1,71,FALSE,social
337_1,BT,1,0.39395555457491627,1,61,FALSE,social
425_1,BT,1,0.925618842148798,4,54,FALSE,social
222_5,BT,5,0.4756901449484173,1,49,FALSE,social
90_1,BT,1,0.36383572448129986,1,46,FALSE,social
282_2,Politiken,2,0.8794666920222385,1,41,FALSE,social
183_4,Politiken,4,0.912242593634955,1,58,FALSE,social
467_4,Politiken,4,0.7414473990215674,1,49,FALSE,social
363_4,Politiken,4,0.7194943274434771,3,52,FALSE,social
386_2,Ekstra Bladet,2,0.06802272836161283,3,51,FALSE,social
485_3,Politiken,3,0.9417817925698077,1,81,FALSE,social
82_2,Ekstra Bladet,2,0.9954670793358806,4,55,TRUE,social
130_4,Berlingske,4,0.5851860614542578,1,51,FALSE,social
108_5,Berlingske,5,0.42032239147254713,1,47,FALSE,social
160_1,BT,1,0.31201328749861557,1,49,FALSE,social
224_4,Politiken,4,0.46329116984052976,1,44,FALSE,social
326_1,BT,1,0.19909082054681448,1,42,FALSE,social
249_3,Politiken,3,0.5972526702033324,1,55,FALSE,social
288_2,Ekstra Bladet,2,0.6856302676553361,1,55,FALSE,social
450_2,BT,2,0.8104588332894745,1,51,FALSE,social
49_3,Politiken,3,0.6838328965888005,1,54,FALSE,social
370_1,BT,1,0.5657500002476713,1,64,FALSE,social
216_4,Fake News,4,0.9386948884985676,3,45,FALSE,social
445_3,Politiken,3,0.5779215145919319,1,36,FALSE,social
428_3,Politiken,3,0.7774200021495741,1,48,FALSE,social
16_4,Berlingske,4,0.5920190954073217,1,47,FALSE,social
499_5,Berlingske,5,0.790482425415132,2,59,TRUE,social
349_5,BT,5,0.08549322234576784,1,62,FALSE,social
198_1,BT,1,0.45177735945519204,1,52,FALSE,social
229_5,BT,5,0.16865889809277845,1,65,FALSE,social
226_3,Politiken,3,0.08076523039324479,1,45,FALSE,social
210_4,Politiken,4,0.8368088797519424,2,49,FALSE,social
431_3,Politiken,3,0.8626516267760624,1,57,FALSE,social
142_4,Politiken,4,0.18451261800393304,3,51,FALSE,social
274_2,BT,2,0.13468359224872128,4,60,TRUE,social
180_5,BT,5,0.8320438864261198,1,47,FALSE,social
128_1,BT,1,0.05741125548490367,1,46,FALSE,social
136_4,Politiken,4,0.1563591761283949,1,52,FALSE,social
26_4,Berlingske,4,0.04170579859738732,3,57,FALSE,social
273_5,Berlingske,5,0.9102604829020694,1,60,FALSE,social
458_4,Berlingske,4,0.8162394150842552,1,49,FALSE,social
189_3,Politiken,3,0.6078803589158792,1,51,FALSE,social
311_1,BT,1,0.41114197018356646,1,48,FALSE,social
413_1,BT,1,0.9074570350392064,1,54,FALSE,social
381_3,Politiken,3,0.7951028089994114,1,54,FALSE,social
380_4,Politiken,4,0.16319399644135535,1,46,FALSE,social
105_2,Politiken,2,0.4910202144586727,3,55,FALSE,social
97_3,Politiken,3,0.9046508055392667,1,60,FALSE,social
141_2,Ekstra Bladet,2,0.33354154050866547,1,42,FALSE,social
101_3,Politiken,3,0.6769476756835939,1,44,FALSE,social
42_1,BT,1,0.9614488359112934,1,61,FALSE,social
56_3,Politiken,3,0.5220433959189695,1,54,FALSE,social
360_5,Berlingske,5,0.48363692675001135,1,61,FALSE,social
339_5,Berlingske,5,0.055720128932920554,1,52,FALSE,social
451_3,BT,3,0.3627963577038569,2,51,FALSE,social
348_4,Berlingske,4,0.3901072472214123,1,43,FALSE,social
358_2,BT,2,0.9134107269180736,1,49,FALSE,social
437_4,Fake News,4,0.7637256164193313,4,41,FALSE,social
284_2,Ekstra Bladet,2,0.4712923632340187,1,41,FALSE,social
52_1,BT,1,0.4541410850099268,4,46,FALSE,social
300_2,Ekstra Bladet,2,0.7577983852692327,1,54,FALSE,social
24_2,Ekstra Bladet,2,0.5003123004004577,2,53,FALSE,social
244_4,Politiken,4,0.4806175263485345,1,48,FALSE,social
70_1,Politiken,1,0.4506400868709711,2,52,TRUE,social
411_1,Politiken,1,0.3763978799103759,3,50,FALSE,social
500_5,BT,5,8.270612589218462e-4,1,55,FALSE,social
151_3,Politiken,3,0.9546826131373255,1,51,FALSE,social
17_1,BT,1,0.5577957447417232,1,45,FALSE,social
308_2,BT,2,0.7009826473000804,4,43,FALSE,social
55_4,Berlingske,4,0.3936372225591468,3,52,FALSE,social
